/*
SQLyog Community v13.1.7 (64 bit)
MySQL - 8.0.23 : Database - project
*********************************************************************
*/

/*!40101 SET NAMES utf8 */;

/*!40101 SET SQL_MODE=''*/;

/*!40014 SET @OLD_UNIQUE_CHECKS=@@UNIQUE_CHECKS, UNIQUE_CHECKS=0 */;
/*!40014 SET @OLD_FOREIGN_KEY_CHECKS=@@FOREIGN_KEY_CHECKS, FOREIGN_KEY_CHECKS=0 */;
/*!40101 SET @OLD_SQL_MODE=@@SQL_MODE, SQL_MODE='NO_AUTO_VALUE_ON_ZERO' */;
/*!40111 SET @OLD_SQL_NOTES=@@SQL_NOTES, SQL_NOTES=0 */;
CREATE DATABASE /*!32312 IF NOT EXISTS*/`project` /*!40100 DEFAULT CHARACTER SET utf8 */ /*!80016 DEFAULT ENCRYPTION='N' */;

USE `project`;

/*Table structure for table `category` */

DROP TABLE IF EXISTS `category`;

CREATE TABLE `category` (
  `category_id` int NOT NULL AUTO_INCREMENT,
  `category_name` varchar(255) DEFAULT NULL,
  `company_id` varchar(255) DEFAULT NULL,
  `FK_CompanyBean_company_id` varchar(255) DEFAULT NULL,
  PRIMARY KEY (`category_id`),
  KEY `FK7tlvl8wsll3ah5e2stib01aur` (`FK_CompanyBean_company_id`),
  CONSTRAINT `FK7tlvl8wsll3ah5e2stib01aur` FOREIGN KEY (`FK_CompanyBean_company_id`) REFERENCES `company` (`company_id`)
) ENGINE=InnoDB AUTO_INCREMENT=40 DEFAULT CHARSET=utf8;

/*Data for the table `category` */

insert  into `category`(`category_id`,`category_name`,`company_id`,`FK_CompanyBean_company_id`) values 
(1,'果','B01','B01'),
(2,'茗','B01','B01'),
(3,'季','B01','B01'),
(4,'濃','B01','B01'),
(5,'找好茶系列','A01','A01'),
(6,'找奶茶系列','A01','A01'),
(7,'找口感系列','A01','A01'),
(8,'找新鮮系列','A01','A01'),
(9,'找拿鐵系列','A01','A01'),
(10,'客製化系列','A01','A01'),
(11,'經典飲品','C01','C01'),
(12,'限定飲品','C01','C01'),
(13,'嚼對推薦','D01','D01'),
(14,'愛茶的牛','D01','D01'),
(15,'牧場鮮奶茶','D01','D01'),
(16,'綠光牧場鮮奶','D01','D01'),
(17,'手作特調','D01','D01'),
(18,'特調系列','E01','E01'),
(19,'鮮奶 / 拿鐵系列','E01','E01'),
(20,'優多系列','E01','E01'),
(21,'季節鮮果系列','E01','E01'),
(22,'冰淇淋系列','E01','E01'),
(23,'冬瓜系列','E01','E01'),
(24,'茗品系列','E01','E01'),
(25,'果醋系列','E01','E01'),
(26,'醇香茶品','F01','F01'),
(27,'冰沙系列','F01','F01'),
(28,'鮮調果茶','F01','F01'),
(29,'香濃奶茶','F01','F01'),
(30,'濃醇鮮乳','F01','F01'),
(31,'嚴選咖啡','F01','F01'),
(32,'原葉鮮萃茶','G01','G01'),
(33,'鮮萃茶拿鐵','G01','G01'),
(34,'門市限定','G01','G01'),
(35,'鮮調果茶','G01','G01'),
(36,'果然系列','G01','G01'),
(37,'夏季限定','G01','G01'),
(38,'鮮奶 / 特調','G01','G01'),
(39,'冬季限定','G01','G01');

/*Table structure for table `comments` */

DROP TABLE IF EXISTS `comments`;

CREATE TABLE `comments` (
  `comment_id` int NOT NULL AUTO_INCREMENT,
  `comment_date` datetime(6) DEFAULT NULL,
  `comment_picname` varchar(255) DEFAULT NULL,
  `comment_picpath` varchar(255) DEFAULT NULL,
  `customer_id` int DEFAULT NULL,
  `feedback` varchar(255) DEFAULT NULL,
  `order_id` varchar(255) DEFAULT NULL,
  `product_id` int DEFAULT NULL,
  `star` decimal(19,2) DEFAULT NULL,
  `FK_CustomerBean_customer_id` int DEFAULT NULL,
  `FK_OrderBean_order_id` varchar(255) DEFAULT NULL,
  `FK_DrinkBean_product_id` int DEFAULT NULL,
  PRIMARY KEY (`comment_id`),
  KEY `FKoowlhp36vislojsii8h1573ch` (`FK_CustomerBean_customer_id`),
  KEY `FKgf5auk010nwx60lexhp22ttk1` (`FK_OrderBean_order_id`),
  KEY `FKrfgat061e6i0o0vbfko0230cd` (`FK_DrinkBean_product_id`),
  CONSTRAINT `FKgf5auk010nwx60lexhp22ttk1` FOREIGN KEY (`FK_OrderBean_order_id`) REFERENCES `orders` (`order_id`),
  CONSTRAINT `FKoowlhp36vislojsii8h1573ch` FOREIGN KEY (`FK_CustomerBean_customer_id`) REFERENCES `customer` (`customer_id`),
  CONSTRAINT `FKrfgat061e6i0o0vbfko0230cd` FOREIGN KEY (`FK_DrinkBean_product_id`) REFERENCES `product` (`product_id`)
) ENGINE=InnoDB AUTO_INCREMENT=19 DEFAULT CHARSET=utf8;

/*Data for the table `comments` */

insert  into `comments`(`comment_id`,`comment_date`,`comment_picname`,`comment_picpath`,`customer_id`,`feedback`,`order_id`,`product_id`,`star`,`FK_CustomerBean_customer_id`,`FK_OrderBean_order_id`,`FK_DrinkBean_product_id`) values 
(1,'2021-08-19 14:28:03.000000','1.jpg','images/comment/1.jpg',1,'五十嵐一定要點冰淇淋紅茶~~~','A0120210902001',19,4.00,1,'A0120210902001',19),
(2,'2021-08-19 14:40:23.000000','2.jpg','images/comment/2.jpg',1,'從小喝到大的多多綠!','A0120210911001',17,5.00,1,'A0120210911001',17),
(3,'2021-08-17 16:00:11.000000','3.jpg','images/comment/3.jpg',2,'布丁奶茶一定要買這家!','B0120210911005',71,4.00,2,'B0120210911005',71),
(4,'2021-08-19 16:10:57.000000','4.jpg','images/comment/4.jpg',2,'天氣熱適合來杯綠豆沙 ','F0120210906001',382,5.00,2,'F0120210906001',382),
(5,'2021-08-19 16:11:04.000000','5.jpg','images/comment/5.jpg',2,'冬瓜有一點點太甜','F0120210911001',392,3.00,2,'F0120210911001',392),
(6,'2021-08-19 16:11:07.000000','6.jpg','images/comment/6.jpg',2,'珍珠煮得剛剛好夠Q','F0120210901001',407,5.00,2,'F0120210901001',407),
(7,'2021-08-10 16:11:09.000000','7.jpg','images/comment/7.jpg',3,'冬瓜鮮奶好喝欸  每次必點','E0120210911001',317,4.00,3,'E0120210911001',317),
(8,'2021-08-10 16:11:11.000000','8.jpg','images/comment/8.jpg',3,'最喜歡的紅茶! 便宜好喝又不會澀','E0120210911001',335,5.00,3,'E0120210911001',335),
(9,'2021-08-06 16:11:14.000000','9.jpg','images/comment/9.jpg',3,'心中第一名烏龍奶<33️','E0120210911001',291,4.00,3,'E0120210911001',291),
(10,'2021-07-31 11:32:17.000000','10.jpg','images/comment/10.jpg',1,'在木柵就是要喝木柵四季春啦!!!','B0120210911004',134,5.00,1,'B0120210911004',134),
(11,'2021-07-27 14:21:16.000000','11.jpg','images/comment/11.jpg',2,'酸V啊 酸V','B0120210911006',130,4.00,2,'B0120210911006',130),
(12,'2021-08-13 16:43:40.000000','12.jpg','images/comment/12.jpg',3,'下次不敢亂點了 甘蔗味道有點奇怪','B0120210905002',143,3.00,3,'B0120210905002',143),
(13,'2021-07-26 18:30:23.000000','13.jpg','images/comment/13.jpg',1,'來可不可 果然還是要喝白玉歐蕾啊❤️','C0120210911001',192,5.00,1,'C0120210911001',192),
(16,'2021-07-19 20:35:44.000000','16.jpg','images/comment/16.jpg',2,'芋泥鮮奶很普，去冰還要加5塊','D0120210911003',206,3.00,2,'D0120210911003',206),
(17,'2021-07-29 15:47:19.000000','17.jpg','images/comment/17.jpg',3,'順便幫帶芋圓鮮奶回家','D0120210911004',238,5.00,3,'D0120210911004',238),
(18,'2021-08-20 15:47:19.000000','18.jpg','images/comment/18.jpg',1,'芋頭控必點','D0120210911002',206,5.00,1,'D0120210911002',206);

/*Table structure for table `company` */

DROP TABLE IF EXISTS `company`;

CREATE TABLE `company` (
  `company_id` varchar(255) NOT NULL,
  `alter_date` datetime(6) DEFAULT NULL,
  `bg_filename` varchar(255) DEFAULT NULL,
  `bg_iconpath` varchar(255) DEFAULT NULL,
  `company_account` varchar(255) DEFAULT NULL,
  `company_address` varchar(255) DEFAULT NULL,
  `company_filename` varchar(255) DEFAULT NULL,
  `company_iconpath` varchar(255) DEFAULT NULL,
  `company_name` varchar(255) DEFAULT NULL,
  `company_owner` varchar(255) DEFAULT NULL,
  `company_owner_email` varchar(255) DEFAULT NULL,
  `company_owner_phone` varchar(255) DEFAULT NULL,
  `company_password` varchar(255) DEFAULT NULL,
  `end_time` time DEFAULT NULL,
  `invitation` varchar(255) DEFAULT NULL,
  `register_date` datetime(6) DEFAULT NULL,
  `start_time` time DEFAULT NULL,
  `tax_id_number` varchar(255) DEFAULT NULL,
  `tel` varchar(255) DEFAULT NULL,
  `trade_name` varchar(255) DEFAULT NULL,
  `website` varchar(255) DEFAULT NULL,
  `business_name` varchar(255) DEFAULT NULL,
  PRIMARY KEY (`company_id`),
  UNIQUE KEY `company_account` (`company_account`),
  UNIQUE KEY `company_owner_email` (`company_owner_email`),
  UNIQUE KEY `company_owner_phone` (`company_owner_phone`),
  UNIQUE KEY `tel` (`tel`)
) ENGINE=InnoDB DEFAULT CHARSET=utf8;

/*Data for the table `company` */

insert  into `company`(`company_id`,`alter_date`,`bg_filename`,`bg_iconpath`,`company_account`,`company_address`,`company_filename`,`company_iconpath`,`company_name`,`company_owner`,`company_owner_email`,`company_owner_phone`,`company_password`,`end_time`,`invitation`,`register_date`,`start_time`,`tax_id_number`,`tel`,`trade_name`,`website`,`business_name`) values 
('A01','2021-07-22 22:55:15.000000','A01_bg.jpg','images/A01/A01_bg.jpg','account_2','台北市中正區新生南路一段52之3號','A01.jpeg','images/A01/A01.jpeg','五十嵐','owner_2','owner_email_2@gmail.com','0922222222','Password2','22:00:00','QsUTd64J','2021-07-22 22:55:15.000000','09:00:00','22222222','0283761973','台北新生店','http://50lan.com/web/products.asp',NULL),
('B01','2021-09-12 21:29:39.389000','B01_bg.jpg','images/B01/B01_bg.jpg','account_1','台北市中正區八德路一段82巷9弄18號','B01.jpg','images/B01/B01.jpg','萬波','owner_1','owner_email_1@gmail.com','0911111111','Password1','22:00:00','DVs2IfJ7','2021-08-23 22:55:15.000000','09:00:00','11111111','0233479087','台北光華店','https://wanpotea.com/',''),
('C01','2021-08-14 22:55:15.000000','C01_bg.jpg','images/C01/C01_bg.jpg','account_3','台北市中正區八德路一段82巷9弄20之1號','C01.jpeg','images/C01/C01.jpeg','可不可熟成紅茶','owner_3','owner_email_3@gmail.com','0933333333','Password3','22:00:00','YSqjj41d','2021-08-14 22:55:15.000000','09:00:00','33333333','0226341864','忠孝新生店','https://www.kebuke.com/menu/',NULL),
('D01','2021-07-01 22:55:15.000000','D01_bg.jpg','images/D01/D01_bg.jpg','account_4','台北市中山區遼寧街38號','D01.jpg','images/D01/D01.jpg','迷克夏','owner_4','owner_email_4@gmail.com','0944444444','Password4','22:00:00','DJMsu63a','2021-07-01 22:55:15.000000','09:00:00','44444444','0264820917','臺北遼寧店','https://www.milkshoptea.com/products.php',NULL),
('E01','2021-08-13 22:55:15.000000','E01_bg.jpg','images/E01/E01_bg.jpg','account_5','台北市大安區市民大道三段136號','E01.jpeg','images/E01/E01.jpeg','清心福全','owner_5','owner_email_5@gmail.com','0955555555','Password5','22:00:00','aiJd3Ma8','2021-08-13 22:55:15.000000','09:00:00','55555555','0283551009','台北市民店','https://www.chingshin.tw/product.php',NULL),
('F01','2021-08-09 22:55:15.000000','F01_bg.jpg','images/F01/F01_bg.jpg','account_6','台北市中正區青島東路21之10號','F01.jpeg','images/F01/F01.jpeg','CoCo都可','owner_6','owner_email_6@gmail.com','0966666666','Password6','22:00:00','Ytsiq16A','2021-08-09 22:55:15.000000','09:00:00','66666666','0276429178','青島店','https://www.coco-tea.com/',NULL),
('G01','2021-07-06 22:55:15.000000','G01_bg.jpg','images/G01/G01_bg.jpg','account_7','台北市大安區新生南路一段1號','G01.jpeg','images/G01/G01.jpeg','ComeBuy','owner_7','owner_email_7@gmail.com','0977777777','Password7','22:00:00','KsjuY621','2021-07-06 22:55:15.000000','09:00:00','77777777','0211836492','台北科大店','http://www.comebuy2002.com.tw/home.php',NULL);

/*Table structure for table `customer` */

DROP TABLE IF EXISTS `customer`;

CREATE TABLE `customer` (
  `customer_id` int NOT NULL AUTO_INCREMENT,
  `alter_date` datetime(6) DEFAULT NULL,
  `birthday` datetime(6) DEFAULT NULL,
  `customer_account` varchar(255) DEFAULT NULL,
  `customer_address` varchar(255) DEFAULT NULL,
  `customer_name` varchar(255) DEFAULT NULL,
  `customer_password` varchar(255) DEFAULT NULL,
  `customer_verification` varchar(255) DEFAULT NULL,
  `email` varchar(255) DEFAULT NULL,
  `invitation` varchar(255) DEFAULT NULL,
  `invited_by` varchar(255) DEFAULT NULL,
  `sign_date` datetime(6) DEFAULT NULL,
  `weight` double DEFAULT NULL,
  `invitationCount` int DEFAULT NULL,
  PRIMARY KEY (`customer_id`)
) ENGINE=InnoDB AUTO_INCREMENT=4 DEFAULT CHARSET=utf8;

/*Data for the table `customer` */

insert  into `customer`(`customer_id`,`alter_date`,`birthday`,`customer_account`,`customer_address`,`customer_name`,`customer_password`,`customer_verification`,`email`,`invitation`,`invited_by`,`sign_date`,`weight`,`invitationCount`) values 
(1,'2021-09-12 00:08:57.707000','2021-05-03 00:00:00.000000','0911111111','台北市中山區','黃欣欣','Password1','DVs2IfJ7','customer1@gmail.com','XOA27hfs',NULL,'2021-07-15 22:30:25.000000',45,2),
(2,'2021-09-12 00:08:57.712000','2021-07-07 00:00:00.000000','0922222222','新北市中和區','王大明','Password2','QsUTd64J','customer2@gmail.com','aJDxmai2','XOA27hfs','2021-08-11 22:30:48.000000',67,1),
(3,'2021-08-20 22:30:54.000000','2021-02-17 00:00:00.000000','0933333333','台中市東區','陳小東','Password3','YSqjj41d','customer3@gmail.com','irn639Sc','XOA27hfs','2021-08-20 22:30:54.000000',78,0);

/*Table structure for table `favorite` */

DROP TABLE IF EXISTS `favorite`;

CREATE TABLE `favorite` (
  `f_seq` int NOT NULL AUTO_INCREMENT,
  `company_id` varchar(255) DEFAULT NULL,
  `customer_id` int DEFAULT NULL,
  `FK_CompanyBean_Company_id` varchar(255) DEFAULT NULL,
  `FK_CustomerBean_customer_id` int DEFAULT NULL,
  PRIMARY KEY (`f_seq`),
  KEY `FKk602ew5lpa4adyss5ywoxtt7g` (`FK_CompanyBean_Company_id`),
  KEY `FKh0jp0e1d8kmouv3le10xkrwn1` (`FK_CustomerBean_customer_id`),
  CONSTRAINT `FKh0jp0e1d8kmouv3le10xkrwn1` FOREIGN KEY (`FK_CustomerBean_customer_id`) REFERENCES `customer` (`customer_id`),
  CONSTRAINT `FKk602ew5lpa4adyss5ywoxtt7g` FOREIGN KEY (`FK_CompanyBean_Company_id`) REFERENCES `company` (`company_id`)
) ENGINE=InnoDB AUTO_INCREMENT=21 DEFAULT CHARSET=utf8;

/*Data for the table `favorite` */

insert  into `favorite`(`f_seq`,`company_id`,`customer_id`,`FK_CompanyBean_Company_id`,`FK_CustomerBean_customer_id`) values 
(4,'F01',1,'F01',1),
(6,'C01',1,'C01',1),
(9,'B01',1,'B01',1),
(10,'D01',1,'D01',1),
(11,'G01',2,'G01',2),
(12,'A01',2,'A01',2),
(13,'B01',2,'B01',2),
(14,'C01',2,'C01',2),
(15,'A01',1,'A01',1),
(16,'G01',1,'G01',1),
(17,'D01',3,'D01',3),
(18,'F01',3,'F01',3),
(19,'B01',3,'B01',3),
(20,'C01',3,'C01',3);

/*Table structure for table `item` */

DROP TABLE IF EXISTS `item`;

CREATE TABLE `item` (
  `item_id` int NOT NULL AUTO_INCREMENT,
  `add_to_health` int NOT NULL,
  `capacity` varchar(255) DEFAULT NULL,
  `itemStatus` varchar(255) DEFAULT NULL,
  `item_cal` int DEFAULT NULL,
  `message` varchar(255) DEFAULT NULL,
  `note` varchar(255) DEFAULT NULL,
  `order_id` varchar(255) DEFAULT NULL,
  `price` int DEFAULT NULL,
  `product_id` int DEFAULT NULL,
  `quantity` int DEFAULT NULL,
  `sugar_id` int DEFAULT NULL,
  `temp_id` int DEFAULT NULL,
  `FK_DrinkBean_product_id` int DEFAULT NULL,
  `FK_OrderBean_order_id` varchar(255) DEFAULT NULL,
  `FK_SugarLevelBean_sugar_id` int DEFAULT NULL,
  `FK_TempLevelBean_temp_id` int DEFAULT NULL,
  PRIMARY KEY (`item_id`),
  KEY `FKic0t2yt0t9dapsugp2l80tiwo` (`FK_DrinkBean_product_id`),
  KEY `FKhtqju5ygfhj3d5alq92mt2ihc` (`FK_OrderBean_order_id`),
  KEY `FKd1unp4btfx4o80dvdi7ymfpff` (`FK_SugarLevelBean_sugar_id`),
  KEY `FKs3d1h00ll6lh5xufce8oo8ayc` (`FK_TempLevelBean_temp_id`),
  CONSTRAINT `FKd1unp4btfx4o80dvdi7ymfpff` FOREIGN KEY (`FK_SugarLevelBean_sugar_id`) REFERENCES `sugar_level` (`sugar_id`),
  CONSTRAINT `FKhtqju5ygfhj3d5alq92mt2ihc` FOREIGN KEY (`FK_OrderBean_order_id`) REFERENCES `orders` (`order_id`),
  CONSTRAINT `FKic0t2yt0t9dapsugp2l80tiwo` FOREIGN KEY (`FK_DrinkBean_product_id`) REFERENCES `product` (`product_id`),
  CONSTRAINT `FKs3d1h00ll6lh5xufce8oo8ayc` FOREIGN KEY (`FK_TempLevelBean_temp_id`) REFERENCES `temp_level` (`temp_id`)
) ENGINE=InnoDB AUTO_INCREMENT=141 DEFAULT CHARSET=utf8;

/*Data for the table `item` */

insert  into `item`(`item_id`,`add_to_health`,`capacity`,`itemStatus`,`item_cal`,`message`,`note`,`order_id`,`price`,`product_id`,`quantity`,`sugar_id`,`temp_id`,`FK_DrinkBean_product_id`,`FK_OrderBean_order_id`,`FK_SugarLevelBean_sugar_id`,`FK_TempLevelBean_temp_id`) values 
(1,0,'L','已完成',0,'1杯','1杯','F0120210901001',65,377,1,1,1,377,'F0120210901001',1,1),
(2,0,'L','已完成',0,'2杯','2杯','F0120210901001',110,387,2,1,1,387,'F0120210901001',1,1),
(3,0,'L','已完成',0,'3杯','3杯','F0120210901001',285,398,3,2,2,398,'F0120210901001',2,2),
(4,0,'L','已完成',0,'4杯','4杯','F0120210901001',260,407,4,2,2,407,'F0120210901001',2,2),
(5,0,'L','已完成',0,'多買幾杯','','D0120210901001',225,202,3,1,1,202,'D0120210901001',1,1),
(6,0,'L','已完成',0,'喝喝喝','','A0120210901001',700,1,10,2,2,1,'A0120210901001',2,2),
(7,0,'L','已完成',0,'','','D0120210901002',65,202,1,1,1,202,'D0120210901002',1,1),
(8,0,'L','已完成',0,'喝','','D0120210902001',85,202,1,1,1,202,'D0120210902001',1,1),
(9,0,'L','已完成',0,'讚','','D0120210902002',65,202,1,1,1,202,'D0120210902002',1,1),
(10,0,'L','已完成',0,'推','','D0120210902004',85,202,1,1,1,202,'D0120210902004',1,1),
(11,0,'L','已完成',0,'買','','D0120210902004',60,213,1,1,1,213,'D0120210902004',1,1),
(12,0,'L','取消',0,'','','F0120210902001',30,373,1,1,1,373,'F0120210902001',1,1),
(13,0,'L','取消',0,'','','F0120210902001',180,386,3,5,1,386,'F0120210902001',5,1),
(14,0,'L','已完成',0,'','','D0120210902008',75,202,1,1,1,202,'D0120210902008',1,1),
(15,0,'L','已完成',0,'','','F0120210902003',30,373,1,1,1,373,'F0120210902003',1,1),
(16,0,'L','已完成',0,'','','F0120210902003',90,374,3,1,1,374,'F0120210902003',1,1),
(17,0,'L','取消',0,'','','D0120210902009',65,202,1,1,1,202,'D0120210902009',1,1),
(18,0,'L','已完成',0,'','','F0120210902004',80,388,2,1,1,388,'F0120210902004',1,1),
(19,0,'L','已完成',0,'','','F0120210902005',390,385,6,5,1,385,'F0120210902005',5,1),
(20,0,'L','已完成',0,'','','D0120210902010',280,220,4,1,1,220,'D0120210902010',1,1),
(21,0,'L','已完成',0,'','','A0120210902001',320,19,4,3,3,19,'A0120210902001',3,3),
(22,0,'L','已完成',0,'','','A0120210902002',210,41,3,5,6,41,'A0120210902002',5,6),
(23,0,'L','已完成',0,'','','F0120210902006',30,373,1,1,1,373,'F0120210902006',1,1),
(24,0,'L','已完成',0,'','','F0120210902007',30,373,1,1,1,373,'F0120210902007',1,1),
(25,0,'L','已完成',0,'','','F0120210902007',120,374,4,1,1,374,'F0120210902007',1,1),
(26,0,'L','已完成',0,'','','D0120210902011',400,202,4,1,1,202,'D0120210902011',1,1),
(27,0,'L','已完成',0,'','','D0120210902011',285,202,3,1,1,202,'D0120210902011',1,1),
(28,0,'L','已完成',0,'','','F0120210902008',150,373,5,1,1,373,'F0120210902008',1,1),
(29,0,'L','已完成',0,'','','F0120210902008',160,373,4,1,1,373,'F0120210902008',1,1),
(30,0,'L','已完成',0,'','','F0120210903001',200,373,5,1,1,373,'F0120210903001',1,1),
(31,0,'L','已完成',0,'','','F0120210903002',160,373,4,1,1,373,'F0120210903002',1,1),
(32,0,'L','已完成',0,'','','D0120210903001',300,202,4,1,1,202,'D0120210903001',1,1),
(33,0,'L','取消',0,'','','A0120210903001',200,1,5,1,1,1,'A0120210903001',1,1),
(34,0,'L','已完成',0,'','','F0120210802001',120,373,4,1,1,373,'F0120210802001',1,1),
(35,0,'L','已完成',0,'','','D0120210806001',195,202,3,1,1,202,'D0120210806001',1,1),
(77,0,'L','取消',0,'','','F0120210904001',300,373,6,1,1,373,'F0120210904001',1,1),
(78,0,'L','已完成',0,'喝熱ㄉ','','A0120210904001',450,13,5,1,1,13,'A0120210904001',1,1),
(79,0,'L','已完成',0,'謝謝小美','','F0120210905001',260,396,4,2,4,396,'F0120210905001',2,4),
(80,0,'L','已完成',0,'熱的珍珠','','F0120210905002',260,403,4,5,6,403,'F0120210905002',5,6),
(81,0,'L','已完成',0,'冰的椰果','','F0120210905002',195,379,3,5,1,379,'F0120210905002',5,1),
(82,0,'L','已完成',0,'好多配料','','G0120210905001',330,428,6,4,4,428,'G0120210905001',4,4),
(83,0,'M','取消',0,'暗黑水晶','','E0120210905001',200,300,4,4,1,300,'E0120210905001',4,1),
(84,0,'L','已完成',0,'五十嵐~','','A0120210905001',320,35,4,4,4,35,'A0120210905001',4,4),
(85,0,'M','取消',0,'嘗鮮','','B0120210905001',160,164,2,5,4,164,'B0120210905001',5,4),
(86,0,'L','取消',0,'冰','','D0120210905001',360,261,4,4,3,261,'D0120210905001',4,3),
(87,0,'L','已完成',0,'','','B0120210905002',380,143,4,3,3,143,'B0120210905002',3,3),
(88,0,'M','已完成',0,'','','E0120210905002',210,280,3,3,5,280,'E0120210905002',3,5),
(89,0,'M','已完成',0,'','','E0120210905002',100,294,2,3,1,294,'E0120210905002',3,1),
(94,0,'L','已完成',0,'','','D0120210906004',60,211,1,5,1,211,'D0120210906004',5,1),
(95,0,'L','已完成',0,'','','D0120210906004',80,222,1,1,1,222,'D0120210906004',1,1),
(96,0,'L','已完成',0,'','','D0120210906005',110,257,2,1,1,257,'D0120210906005',1,1),
(97,0,'L','已完成',0,'','','D0120210906005',120,258,2,1,1,258,'D0120210906005',1,1),
(98,0,'L','已完成',0,'','','D0120210906006',200,239,2,1,1,239,'D0120210906006',1,1),
(99,0,'L','已完成',0,'','','D0120210906006',220,241,2,1,1,241,'D0120210906006',1,1),
(100,0,'L','已完成',0,'','','D0120210906007',120,211,2,5,1,211,'D0120210906007',5,1),
(101,0,'L','已完成',0,'','','D0120210906007',190,219,2,1,4,219,'D0120210906007',1,4),
(102,0,'M','已完成',0,'','','D0120210906008',130,229,2,1,1,229,'D0120210906008',1,1),
(103,0,'L','已完成',0,'','','D0120210906008',160,230,2,1,1,230,'D0120210906008',1,1),
(104,0,'M','已完成',0,'','','D0120210906009',170,242,2,1,1,242,'D0120210906009',1,1),
(105,0,'L','已完成',0,'','','D0120210906009',140,256,2,5,1,256,'D0120210906009',5,1),
(106,0,'L','已完成',0,'','','D0120210906010',150,228,2,1,1,228,'D0120210906010',1,1),
(107,0,'L','已完成',0,'','','D0120210906010',210,239,2,1,1,239,'D0120210906010',1,1),
(108,0,'M','已完成',0,'','','D0120210906011',130,229,2,1,1,229,'D0120210906011',1,1),
(109,0,'L','已完成',0,'','','D0120210906011',220,249,2,5,1,249,'D0120210906011',5,1),
(110,0,'L','已完成',0,'','','D0120210906012',100,218,2,5,1,218,'D0120210906012',5,1),
(111,0,'L','已完成',0,'','','D0120210906012',160,226,2,1,1,226,'D0120210906012',1,1),
(112,0,'M','已完成',0,'','','E0120210906001',60,276,1,2,1,276,'E0120210906001',2,1),
(113,0,'M','已完成',0,'','','E0120210906001',65,288,1,2,4,288,'E0120210906001',2,4),
(114,0,'M','已完成',0,'','','E0120210906002',80,334,1,1,1,334,'E0120210906002',1,1),
(115,0,'L','已完成',0,'','','E0120210906002',100,350,2,1,1,350,'E0120210906002',1,1),
(116,0,'L','已完成',0,'','','F0120210906001',140,382,2,5,1,382,'F0120210906001',5,1),
(117,3,'M','已完成',840,'','','E0120210906003',150,276,3,2,1,276,'E0120210906003',2,1),
(118,0,'L','已完成',0,'','','A0120210909001',50,19,1,1,1,19,'A0120210909001',1,1),
(119,0,'L','已完成',0,'','','A0120210909001',180,13,3,1,1,13,'A0120210909001',1,1),
(120,3,'L','已完成',723,'想喝','','A0120210910001',120,7,3,2,4,7,'A0120210910001',2,4),
(121,3,'M','已完成',1689,'','','A0120210910002',195,38,3,3,4,38,'A0120210910002',3,4),
(122,1,'L','已完成',454,'','','D0120210910001',75,202,1,3,3,202,'D0120210910001',3,3),
(123,0,'M','已完成',0,'0910喝喝喝','','D0120210910002',160,209,2,5,4,209,'D0120210910002',5,4),
(124,2,'M','已完成',534,'0911喝喝喝','','D0120210911001',160,205,2,3,3,205,'D0120210911001',3,3),
(125,4,'M','已完成',1364,'0911喝喝喝','','B0120210911001',280,118,4,3,4,118,'B0120210911001',3,4),
(126,5,'M','已完成',2830,'0911喝喝喝喝','','B0120210911002',425,122,5,3,4,122,'B0120210911002',3,4),
(127,0,'M','已完成',0,'0911喝喝喝','','B0120210911003',225,140,5,1,4,140,'B0120210911003',1,4),
(128,1,'L','已完成',454,'','','A0120210911001',70,17,1,3,1,17,'A0120210911001',3,1),
(129,3,'M','已完成',828,'','','B0120210911004',150,134,3,3,4,134,'B0120210911004',3,4),
(130,5,'M','已完成',2755,'','','C0120210911001',325,192,5,5,3,192,'C0120210911001',5,3),
(131,3,'L','已完成',2685,'','','D0120210911002',390,206,3,5,2,206,'D0120210911002',5,2),
(132,7,'L','已完成',4053,'','','F0120210911001',490,392,7,5,3,392,'F0120210911001',5,3),
(133,4,'L','已完成',2144,'','','B0120210911005',340,157,4,4,3,157,'B0120210911005',4,3),
(134,10,'M','已完成',3750,'','','B0120210911006',700,130,10,3,4,130,'B0120210911006',3,4),
(135,4,'L','已完成',3192,'','','D0120210911003',540,206,4,5,4,206,'D0120210911003',5,4),
(136,6,'M','已完成',4056,'','','D0120210911004',690,238,6,5,4,238,'D0120210911004',5,4),
(137,10,'L','已完成',11200,'','','E0120210911001',950,291,10,3,4,291,'E0120210911001',3,4),
(138,10,'L','已完成',5270,'','','E0120210911001',1000,317,10,2,2,317,'E0120210911001',2,2),
(139,10,'L','已完成',5940,'','','E0120210911001',950,335,10,4,4,335,'E0120210911001',4,4),
(140,5,'M','已完成',3845,'','','G0120210912001',500,501,5,3,4,501,'G0120210912001',3,4);

/*Table structure for table `item_topping` */

DROP TABLE IF EXISTS `item_topping`;

CREATE TABLE `item_topping` (
  `i_t_seq` int NOT NULL AUTO_INCREMENT,
  `item_id` int DEFAULT NULL,
  `topping_id` int DEFAULT NULL,
  `FK_ItemBean_item_id` int DEFAULT NULL,
  `FK_ToppingBean_topping_id` int DEFAULT NULL,
  PRIMARY KEY (`i_t_seq`),
  KEY `FKkhj2y81t3c09157tk24pm6j0g` (`FK_ItemBean_item_id`),
  KEY `FKsx5aja6xbd4rl85a5d0h8h9a1` (`FK_ToppingBean_topping_id`),
  CONSTRAINT `FKkhj2y81t3c09157tk24pm6j0g` FOREIGN KEY (`FK_ItemBean_item_id`) REFERENCES `item` (`item_id`),
  CONSTRAINT `FKsx5aja6xbd4rl85a5d0h8h9a1` FOREIGN KEY (`FK_ToppingBean_topping_id`) REFERENCES `topping` (`topping_id`)
) ENGINE=InnoDB AUTO_INCREMENT=182 DEFAULT CHARSET=utf8;

/*Data for the table `item_topping` */

insert  into `item_topping`(`i_t_seq`,`item_id`,`topping_id`,`FK_ItemBean_item_id`,`FK_ToppingBean_topping_id`) values 
(1,1,30,1,30),
(2,1,33,1,33),
(3,2,33,2,33),
(4,2,29,2,29),
(5,3,30,3,30),
(6,3,31,3,31),
(7,3,29,3,29),
(8,3,33,3,33),
(9,4,28,4,28),
(10,4,29,4,29),
(11,5,14,5,14),
(12,6,5,6,5),
(13,6,2,6,2),
(14,8,14,8,14),
(15,8,17,8,17),
(16,10,14,10,14),
(17,10,17,10,17),
(18,11,14,11,14),
(19,11,17,11,17),
(20,11,13,11,13),
(21,14,17,14,17),
(22,21,2,21,2),
(23,21,4,21,4),
(24,21,1,21,1),
(25,22,3,22,3),
(26,22,5,22,5),
(27,26,17,26,17),
(28,26,18,26,18),
(29,26,16,26,16),
(30,27,13,27,13),
(31,27,17,27,17),
(32,27,14,27,14),
(33,29,28,29,28),
(34,30,28,30,28),
(35,31,30,31,30),
(36,32,17,32,17),
(37,33,1,33,1),
(39,77,28,77,28),
(40,77,31,77,31),
(41,78,3,78,3),
(42,78,2,78,2),
(43,78,4,78,4),
(44,78,1,78,1),
(45,79,28,79,28),
(46,79,29,79,29),
(47,80,28,80,28),
(48,81,30,81,30),
(49,81,31,81,31),
(50,82,34,82,34),
(51,82,42,82,42),
(52,83,27,83,27),
(53,84,3,84,3),
(54,84,1,84,1),
(55,84,4,84,4),
(56,85,6,85,6),
(57,85,10,85,10),
(58,85,9,85,9),
(59,86,14,86,14),
(60,86,17,86,17),
(61,86,15,86,15),
(62,87,10,87,10),
(63,87,9,87,9),
(64,87,8,87,8),
(65,88,21,88,21),
(66,88,20,88,20),
(67,89,24,89,24),
(75,94,17,94,17),
(76,94,14,94,14),
(77,95,18,95,18),
(78,95,16,95,16),
(79,96,14,96,14),
(80,96,17,96,17),
(81,97,16,97,16),
(82,97,18,97,18),
(83,98,14,98,14),
(84,98,17,98,17),
(85,99,16,99,16),
(86,99,18,99,18),
(87,100,17,100,17),
(88,100,14,100,14),
(89,101,16,101,16),
(90,101,18,101,18),
(91,102,17,102,17),
(92,102,14,102,14),
(93,103,18,103,18),
(94,103,16,103,16),
(95,104,14,104,14),
(96,104,17,104,17),
(97,105,18,105,18),
(98,105,16,105,16),
(99,106,17,106,17),
(100,106,14,106,14),
(101,107,18,107,18),
(102,107,16,107,16),
(103,108,14,108,14),
(104,108,17,108,17),
(105,109,18,109,18),
(106,109,16,109,16),
(107,110,14,110,14),
(108,110,17,110,17),
(109,111,16,111,16),
(110,111,18,111,18),
(111,112,25,112,25),
(112,112,24,112,24),
(113,112,21,112,21),
(114,113,20,113,20),
(115,113,19,113,19),
(116,114,25,114,25),
(117,114,21,114,21),
(118,114,20,114,20),
(119,115,25,115,25),
(120,115,22,115,22),
(121,116,31,116,31),
(122,116,29,116,29),
(123,117,23,117,23),
(124,117,24,117,24),
(125,119,4,119,4),
(126,120,3,120,3),
(127,121,3,121,3),
(128,121,2,121,2),
(129,122,14,122,14),
(130,123,14,123,14),
(131,124,17,124,17),
(132,124,13,124,13),
(133,125,8,125,8),
(134,125,6,125,6),
(135,126,9,126,9),
(136,126,10,126,10),
(137,126,6,126,6),
(138,126,8,126,8),
(139,127,8,127,8),
(140,127,6,127,6),
(141,128,4,128,4),
(142,128,3,128,3),
(143,129,7,129,7),
(144,129,9,129,9),
(145,130,11,130,11),
(146,131,15,131,15),
(147,131,18,131,18),
(148,131,14,131,14),
(149,132,28,132,28),
(150,132,31,132,31),
(151,132,30,132,30),
(152,133,10,133,10),
(153,133,9,133,9),
(154,134,9,134,9),
(155,134,6,134,6),
(156,134,7,134,7),
(157,135,15,135,15),
(158,135,16,135,16),
(159,135,17,135,17),
(160,135,13,135,13),
(161,136,18,136,18),
(162,136,14,136,14),
(163,136,17,136,17),
(164,136,13,136,13),
(165,137,21,137,21),
(166,137,24,137,24),
(167,137,20,137,20),
(168,137,22,137,22),
(169,138,25,138,25),
(170,138,23,138,23),
(171,138,24,138,24),
(172,138,26,138,26),
(173,139,26,139,26),
(174,139,24,139,24),
(175,139,21,139,21),
(176,139,27,139,27),
(177,140,39,140,39),
(178,140,48,140,48),
(179,140,42,140,42),
(180,140,36,140,36),
(181,140,40,140,40);

/*Table structure for table `orders` */

DROP TABLE IF EXISTS `orders`;

CREATE TABLE `orders` (
  `order_id` varchar(255) NOT NULL,
  `company_id` varchar(255) DEFAULT NULL,
  `customer_id` int DEFAULT NULL,
  `orderStatus` varchar(255) DEFAULT NULL,
  `order_date` datetime(6) DEFAULT NULL,
  `order_quantity` int DEFAULT NULL,
  `order_text` varchar(255) DEFAULT NULL,
  `order_total` int DEFAULT NULL,
  `payment` varchar(255) DEFAULT NULL,
  `pickup_date` datetime(6) DEFAULT NULL,
  `receipt` varchar(255) DEFAULT NULL,
  `scheduled_time` varchar(255) DEFAULT NULL,
  `FK_CompanyBean_Company_id` varchar(255) DEFAULT NULL,
  `FK_CustomerBean_customer_id` int DEFAULT NULL,
  `taxId` varchar(255) DEFAULT NULL,
  `invitationDiscount` varchar(255) DEFAULT NULL,
  PRIMARY KEY (`order_id`),
  KEY `FK5nhui2lqa7qrxf4jy081fiqy3` (`FK_CompanyBean_Company_id`),
  KEY `FKjk3ay4yo7qvrcpwdpwnrfcips` (`FK_CustomerBean_customer_id`),
  CONSTRAINT `FK5nhui2lqa7qrxf4jy081fiqy3` FOREIGN KEY (`FK_CompanyBean_Company_id`) REFERENCES `company` (`company_id`),
  CONSTRAINT `FKjk3ay4yo7qvrcpwdpwnrfcips` FOREIGN KEY (`FK_CustomerBean_customer_id`) REFERENCES `customer` (`customer_id`)
) ENGINE=InnoDB DEFAULT CHARSET=utf8;

/*Data for the table `orders` */

insert  into `orders`(`order_id`,`company_id`,`customer_id`,`orderStatus`,`order_date`,`order_quantity`,`order_text`,`order_total`,`payment`,`pickup_date`,`receipt`,`scheduled_time`,`FK_CompanyBean_Company_id`,`FK_CustomerBean_customer_id`,`taxId`,`invitationDiscount`) values 
('A0120210901001','A01',2,'已領取','2021-09-01 20:49:15.000000',10,NULL,700,'信用卡','2021-09-10 22:59:01.742000',NULL,'2021-09-01 20:04 ~ 20:19','A01',2,'','商家取消，退還好友優惠折扣50元'),
('A0120210902001','A01',1,'已領取','2021-09-02 04:25:56.000000',4,'商家刪除資料',270,'信用卡','2021-09-02 04:50:50.000000',NULL,'2021-09-02 04:40 ~ 04:55','A01',1,'','已折扣50元'),
('A0120210902002','A01',1,'已領取','2021-09-02 04:26:55.000000',3,NULL,160,'信用卡','2021-09-02 14:50:50.000000',NULL,'2021-09-02 04:41 ~ 04:56','A01',1,'','已折扣50元'),
('A0120210903001','A01',2,'取消','2021-09-03 18:19:58.000000',5,NULL,150,'信用卡',NULL,NULL,'2021-09-03 18:34 ~ 18:49','A01',2,'','已折扣50元'),
('A0120210904001','A01',2,'已領取','2021-09-04 20:31:26.000000',5,NULL,400,'信用卡','2021-09-04 21:00:31.000000',NULL,'2021-09-04 20:46 ~ 21:01','A01',2,'','已折扣50元'),
('A0120210905001','A01',2,'已領取','2021-09-05 22:07:58.000000',4,NULL,270,'信用卡','2021-09-05 22:30:01.000000',NULL,'2021-09-05 22:22 ~ 22:37','A01',2,'','已折扣50元'),
('A0120210909001','A01',1,'已領取','2021-09-09 16:44:35.000000',4,NULL,230,'現金','2021-09-09 17:10:13.000000',NULL,'2021-09-09 16:59 ~ 17:14','A01',1,'','無折扣'),
('A0120210910001','A01',2,'已領取','2021-09-10 16:07:44.000000',3,NULL,120,'現金','2021-09-10 16:30:21.000000',NULL,'2021-09-10 16:22 ~ 16:37','A01',2,'','無折扣'),
('A0120210910002','A01',2,'已領取','2021-09-10 18:52:31.000000',3,NULL,195,'現金','2021-09-10 19:20:52.000000',NULL,'2021-09-10 19:07 ~ 19:22','A01',2,'','無折扣'),
('A0120210911001','A01',1,'已領取','2021-09-11 16:50:10.000000',1,NULL,70,'現金','2021-09-11 17:15:33.000000',NULL,'2021-09-11 17:05 ~ 17:20','A01',1,'','無折扣'),
('B0120210905001','B01',1,'取消','2021-09-05 22:16:27.000000',2,NULL,110,'信用卡',NULL,NULL,'2021-09-05 22:31 ~ 22:46','B01',1,'','已折扣50元'),
('B0120210905002','B01',1,'已領取','2021-09-05 23:05:40.000000',4,'商家刪除資料',330,'信用卡','2021-09-05 23:30:39.000000',NULL,'2021-09-05 23:20 ~ 23:35','B01',1,'','已折扣50元'),
('B0120210911001','B01',3,'已領取','2021-09-11 00:14:15.000000',4,NULL,280,'現金','2021-09-11 00:14:31.420000',NULL,'2021-09-11 10:45','B01',3,'','無折扣'),
('B0120210911002','B01',3,'已領取','2021-09-11 11:21:38.000000',5,NULL,425,'現金','2021-09-11 11:50:12.000000',NULL,'2021-09-11 11:36 ~ 11:51','B01',3,'','無折扣'),
('B0120210911003','B01',3,'已領取','2021-09-11 11:22:49.000000',5,NULL,225,'現金','2021-09-11 11:40:24.000000',NULL,'2021-09-11 11:37 ~ 11:52','B01',3,'','無折扣'),
('B0120210911004','B01',1,'已領取','2021-09-11 16:51:28.000000',3,NULL,150,'現金','2021-09-11 19:44:39.931000',NULL,'2021-09-11 17:06 ~ 17:21','B01',1,'','無折扣'),
('B0120210911005','B01',2,'已領取','2021-09-11 16:56:49.000000',4,NULL,340,'現金','2021-09-11 19:44:41.584000',NULL,'2021-09-11 17:11 ~ 17:26','B01',2,'','無折扣'),
('B0120210911006','B01',2,'已領取','2021-09-11 16:57:33.000000',10,NULL,700,'現金','2021-09-11 19:44:42.503000',NULL,'2021-09-11 17:12 ~ 17:27','B01',2,'','無折扣'),
('C0120210827001','C01',3,'已領取','2021-08-27 14:01:07.000000',2,NULL,110,'現金','2021-08-27 14:30:46.000000',NULL,'2021-08-27 14:16 ~ 14:31','C01',3,'','無折扣'),
('C0120210911001','C01',1,'已領取','2021-09-11 16:52:50.000000',5,NULL,325,'現金','2021-09-11 17:20:01.000000',NULL,'2021-09-11 17:07 ~ 17:22','C01',1,'','無折扣'),
('D0120210806001','D01',1,'已領取','2021-08-06 20:12:20.000000',3,NULL,145,'信用卡','2021-09-11 15:17:19.426000',NULL,'2021-08-06 20:27 ~ 20:42','D01',1,'','已折扣50元'),
('D0120210901001','D01',1,'已領取','2021-09-01 10:44:20.000000',3,NULL,225,'信用卡','2021-09-11 15:17:20.732000',NULL,'2021-09-01 10:59 ~ 10:14','D01',1,'','無折扣'),
('D0120210901002','D01',2,'已領取','2021-09-01 12:51:37.000000',1,NULL,65,'現金','2021-09-01 12:20:43.000000',NULL,'2021-09-01 12:07 ~ 12:22','D01',2,'','無折扣'),
('D0120210902001','D01',1,'已領取','2021-09-02 00:24:43.000000',1,NULL,35,'現金','2021-09-02 00:40:08.000000',NULL,'2021-09-02 00:39 ~ 00:54','D01',1,'','已折扣50元'),
('D0120210902002','D01',1,'已領取','2021-09-02 00:31:12.000000',1,NULL,15,'現金','2021-09-02 00:50:19.000000',NULL,'2021-09-02 00:46 ~ 01:01','D01',1,'','已折扣50元'),
('D0120210902003','D01',1,'已領取','2021-09-02 00:43:40.000000',1,NULL,35,'信用卡','2021-09-02 01:10:29.000000',NULL,'2021-09-02 00:58 ~ 01:13','D01',1,'','已折扣50元'),
('D0120210902004','D01',1,'已領取','2021-09-02 00:44:37.000000',2,NULL,95,'信用卡','2021-09-02 01:10:37.000000',NULL,'2021-09-02 00:59 ~ 01:14','D01',1,'','已折扣50元'),
('D0120210902006','D01',1,'已領取','2021-09-02 03:36:47.000000',1,NULL,25,'信用卡','2021-09-02 04:05:46.000000',NULL,'2021-09-02 03:51 ~ 04:06','D01',1,'','已折扣50元'),
('D0120210902007','D01',1,'已領取','2021-09-02 03:37:03.000000',1,NULL,25,'信用卡','2021-09-02 04:00:55.000000',NULL,'2021-09-02 03:52 ~ 04:07','D01',1,'','已折扣50元'),
('D0120210902008','D01',1,'已領取','2021-09-02 03:38:23.000000',1,'商家刪除資料',25,'信用卡','2021-09-02 04:00:03.000000',NULL,'2021-09-02 03:53 ~ 04:08','D01',1,'','已折扣50元'),
('D0120210902009','D01',1,'取消','2021-09-02 04:01:55.000000',1,NULL,15,'信用卡',NULL,NULL,'2021-09-02 04:16 ~ 04:31','D01',1,'','已折扣50元'),
('D0120210902010','D01',1,'已領取','2021-09-02 04:24:39.000000',4,NULL,230,'信用卡','2021-09-02 04:50:10.000000',NULL,'2021-09-02 04:39 ~ 04:54','D01',1,'','已折扣50元'),
('D0120210902011','D01',1,'已領取','2021-09-02 12:57:07.000000',7,NULL,635,'信用卡','2021-09-02 13:30:19.000000',NULL,'2021-09-02 13:12 ~ 13:27','D01',1,'','已折扣50元'),
('D0120210903001','D01',1,'已領取','2021-09-03 16:56:37.000000',4,NULL,250,'信用卡','2021-09-03 17:20:28.000000',NULL,'2021-09-03 17:11 ~ 17:26','D01',1,'','已折扣50元'),
('D0120210905001','D01',1,'取消','2021-09-05 22:18:50.000000',4,NULL,310,'信用卡',NULL,NULL,'2021-09-05 22:33 ~ 22:48','D01',1,'','已折扣50元'),
('D0120210906004','D01',1,'已領取','2021-09-06 03:02:27.000000',2,'商家刪除資料',90,'信用卡','2021-09-06 13:20:36.000000',NULL,'2021-09-06 03:17 ~ 03:32','D01',1,'','已折扣50元'),
('D0120210906005','D01',1,'已領取','2021-09-06 03:14:33.000000',4,NULL,180,'信用卡','2021-09-10 20:22:44.231000',NULL,'2021-09-06 03:29 ~ 03:44','D01',1,'','已折扣50元'),
('D0120210906006','D01',1,'已領取','2021-09-06 03:20:32.000000',4,NULL,370,'信用卡','2021-09-10 20:22:45.656000',NULL,'2021-09-06 03:35 ~ 03:50','D01',1,'','已折扣50元'),
('D0120210906007','D01',1,'已領取','2021-09-06 03:29:08.000000',4,NULL,260,'信用卡','2021-09-06 03:50:00.000000',NULL,'2021-09-06 03:44 ~ 03:59','D01',1,'','已折扣50元'),
('D0120210906008','D01',1,'已領取','2021-09-06 03:55:39.000000',4,NULL,240,'信用卡','2021-09-06 04:20:08.000000',NULL,'2021-09-06 04:10 ~ 04:25','D01',1,'','已折扣50元'),
('D0120210906009','D01',1,'已領取','2021-09-06 10:16:09.000000',4,NULL,260,'信用卡','2021-09-06 10:40:16.000000',NULL,'2021-09-06 10:31 ~ 10:46','D01',1,'','已折扣50元'),
('D0120210906010','D01',1,'已領取','2021-09-06 12:53:18.000000',4,NULL,310,'現金','2021-09-06 13:20:26.000000',NULL,'2021-09-06 13:08 ~ 13:23','D01',1,'','已折扣50元'),
('D0120210906011','D01',1,'已領取','2021-09-06 12:58:16.000000',4,NULL,300,'現金','2021-09-06 13:20:32.000000',NULL,'2021-09-06 13:13 ~ 13:28','D01',1,'','已折扣50元'),
('D0120210906012','D01',1,'已領取','2021-09-06 12:59:57.000000',4,NULL,210,'現金','2021-09-06 13:25:40.000000',NULL,'2021-09-06 13:14 ~ 13:29','D01',1,'','已折扣50元'),
('D0120210910001','D01',2,'已領取','2021-09-10 23:08:01.000000',1,NULL,75,'現金','2021-09-11 00:09:34.721000',NULL,'2021-09-10 23:23 ~ 23:38','D01',2,'','無折扣'),
('D0120210910002','D01',2,'已領取','2021-09-10 23:35:58.000000',2,NULL,160,'現金','2021-09-11 00:09:36.619000',NULL,'2021-09-10 23:50 ~ 00:05','D01',2,'','無折扣'),
('D0120210911001','D01',2,'已領取','2021-09-11 00:04:23.000000',2,NULL,160,'現金','2021-09-11 00:09:35.693000',NULL,'2021-09-11 00:19 ~ 00:34','D01',2,'','無折扣'),
('D0120210911002','D01',1,'已領取','2021-09-11 16:53:59.000000',3,NULL,390,'現金','2021-09-11 17:20:08.000000',NULL,'2021-09-11 17:08 ~ 17:23','D01',1,'','無折扣'),
('D0120210911003','D01',2,'已領取','2021-09-11 16:58:15.000000',4,NULL,540,'現金','2021-09-11 17:25:21.000000',NULL,'2021-09-11 17:13 ~ 17:28','D01',2,'','無折扣'),
('D0120210911004','D01',3,'已領取','2021-09-11 16:59:31.000000',6,NULL,690,'現金','2021-09-11 17:29:27.000000',NULL,'2021-09-11 17:14 ~ 17:29','D01',3,'','無折扣'),
('E0120210827001','E01',2,'已領取','2021-08-25 14:08:58.000000',6,NULL,600,'現金','2021-08-25 14:30:32.000000',NULL,'2021-08-25 14:23 ~ 14:38','E01',2,'22128898','無折扣'),
('E0120210905001','E01',2,'取消','2021-09-05 22:03:12.000000',4,NULL,150,'信用卡',NULL,NULL,'2021-09-05 22:18 ~ 22:33','E01',2,'','已折扣50元'),
('E0120210905002','E01',1,'已領取','2021-09-05 23:37:31.000000',5,NULL,260,'信用卡','2021-09-05 00:00:14.000000',NULL,'2021-09-05 23:52 ~ 00:07','E01',1,'','已折扣50元'),
('E0120210906001','E01',1,'已領取','2021-09-06 14:48:05.000000',2,'商家刪除資料',125,'現金','2021-09-06 15:17:00.000000',NULL,'2021-09-06 15:17','E01',1,'','無折扣'),
('E0120210906002','E01',1,'已領取','2021-09-06 14:53:04.000000',3,NULL,180,'現金','2021-09-06 15:17:00.000000',NULL,'2021-09-06 15:17','E01',1,'','無折扣'),
('E0120210906003','E01',1,'已領取','2021-09-06 14:59:08.000000',3,NULL,150,'現金','2021-09-06 15:28:00.000000',NULL,'2021-09-06 15:28','E01',1,'','無折扣'),
('E0120210911001','E01',3,'已領取','2021-09-11 17:02:41.000000',30,NULL,2850,'信用卡','2021-09-11 17:30:34.000000',NULL,'2021-09-11 17:17 ~ 17:32','E01',3,'12345678','已折扣50元'),
('F0120210802001','F01',1,'已領取','2021-08-02 19:30:17.000000',4,NULL,70,'信用卡','2021-08-02 20:00:37.000000',NULL,'2021-08-02 19:45 ~ 20:00','F01',1,'','已折扣50元'),
('F0120210901001','F01',1,'已領取','2021-09-01 17:20:55.000000',10,NULL,720,'信用卡','2021-09-01 17:40:38.000000',NULL,'2021-09-01 17:35 ~ 17:50','F01',1,'','無折扣'),
('F0120210902001','F01',1,'取消','2021-09-02 03:31:11.000000',4,NULL,160,'信用卡',NULL,NULL,'2021-09-02 03:46 ~ 04:01','F01',1,'','已折扣50元'),
('F0120210902003','F01',1,'已領取','2021-09-02 03:41:01.000000',4,NULL,70,'信用卡','2021-09-02 04:00:59.000000',NULL,'2021-09-02 03:56 ~ 04:11','F01',1,'','已折扣50元'),
('F0120210902004','F01',2,'已領取','2021-09-02 04:15:51.000000',2,'商家刪除資料',30,'信用卡','2021-09-02 04:40:05.000000',NULL,'2021-09-02 04:30 ~ 04:45','F01',2,'','已折扣50元'),
('F0120210902005','F01',1,'已領取','2021-09-02 04:20:05.000000',6,NULL,340,'信用卡','2021-09-02 04:50:25.000000',NULL,'2021-09-02 04:35 ~ 04:50','F01',1,'','已折扣50元'),
('F0120210902006','F01',1,'已領取','2021-09-02 10:58:03.000000',1,NULL,30,'現金','2021-09-02 11:20:39.000000',NULL,'2021-09-02 11:13 ~ 11:28','F01',1,'','無折扣'),
('F0120210902007','F01',1,'已領取','2021-09-02 11:00:02.000000',5,NULL,100,'信用卡','2021-09-02 11:20:44.000000',NULL,'2021-09-02 11:15 ~ 11:30','F01',1,'','已折扣50元'),
('F0120210902008','F01',1,'已領取','2021-09-02 14:35:38.000000',9,NULL,260,'信用卡','2021-09-02 15:00:56.000000',NULL,'2021-09-02 14:50 ~ 15:05','F01',1,'','已折扣50元'),
('F0120210903001','F01',1,'已領取','2021-09-03 16:31:05.000000',5,NULL,150,'信用卡','2021-09-03 17:00:12.000000',NULL,'2021-09-03 16:46 ~ 17:01','F01',1,'','已折扣50元'),
('F0120210903002','F01',1,'已領取','2021-09-03 16:47:09.000000',4,NULL,110,'信用卡','2021-09-03 17:10:22.000000',NULL,'2021-09-03 17:02 ~ 17:17','F01',1,'','已折扣50元'),
('F0120210904001','F01',2,'取消','2021-09-04 20:29:11.000000',6,NULL,250,'信用卡',NULL,NULL,'2021-09-04 20:44 ~ 20:59','F01',2,'','已折扣50元'),
('F0120210905001','F01',2,'已領取','2021-09-05 21:55:40.000000',4,NULL,210,'信用卡','2021-09-05 22:20:38.000000',NULL,'2021-09-05 22:10 ~ 22:25','F01',2,'','已折扣50元'),
('F0120210905002','F01',2,'已領取','2021-09-05 21:57:29.000000',7,NULL,405,'信用卡','2021-09-05 22:20:46.000000',NULL,'2021-09-05 22:12 ~ 22:27','F01',2,'','已折扣50元'),
('F0120210906001','F01',1,'已領取','2021-09-06 14:54:58.000000',2,'商家刪除資料',140,'現金','2021-09-06 15:20:53.000000',NULL,'2021-09-06 15:09 ~ 15:24','F01',1,'','無折扣'),
('F0120210911001','F01',2,'已領取','2021-09-11 16:55:33.000000',7,NULL,490,'現金','2021-09-11 17:20:13.000000',NULL,'2021-09-11 17:10 ~ 17:25','F01',2,'','無折扣'),
('G0120210905001','G01',2,'已領取','2021-09-05 21:58:40.000000',6,NULL,280,'信用卡','2021-09-05 22:20:08.000000',NULL,'2021-09-05 22:13 ~ 22:28','G01',2,'','已折扣50元'),
('G0120210912001','G01',3,'已領取','2021-09-12 20:13:19.000000',5,NULL,450,'信用卡','2021-09-12 20:15:47.155000',NULL,'2021-09-12 20:28 ~ 20:43','G01',3,'','已折扣50元');

/*Table structure for table `product` */

DROP TABLE IF EXISTS `product`;

CREATE TABLE `product` (
  `product_id` int NOT NULL AUTO_INCREMENT,
  `add_date` datetime(6) DEFAULT NULL,
  `alter_date` datetime(6) DEFAULT NULL,
  `capacity` varchar(255) DEFAULT NULL,
  `category_id` int DEFAULT NULL,
  `company_id` varchar(255) DEFAULT NULL,
  `product_cal` int DEFAULT NULL,
  `product_name` varchar(255) DEFAULT NULL,
  `product_picname` varchar(255) DEFAULT NULL,
  `product_picpath` varchar(255) DEFAULT NULL,
  `product_price` int DEFAULT NULL,
  `FK_CategoryBean_category_id` int DEFAULT NULL,
  `FK_CompanyBean_company_id` varchar(255) DEFAULT NULL,
  `enabled` tinyint(1) DEFAULT '1',
  PRIMARY KEY (`product_id`),
  KEY `FKn96nfv4dlceeh57plusucg5bi` (`FK_CategoryBean_category_id`),
  KEY `FKt72qn0e60mjbyvvbru00wm3nt` (`FK_CompanyBean_company_id`),
  CONSTRAINT `FKn96nfv4dlceeh57plusucg5bi` FOREIGN KEY (`FK_CategoryBean_category_id`) REFERENCES `category` (`category_id`),
  CONSTRAINT `FKt72qn0e60mjbyvvbru00wm3nt` FOREIGN KEY (`FK_CompanyBean_company_id`) REFERENCES `company` (`company_id`)
) ENGINE=InnoDB AUTO_INCREMENT=520 DEFAULT CHARSET=utf8;

/*Data for the table `product` */

insert  into `product`(`product_id`,`add_date`,`alter_date`,`capacity`,`category_id`,`company_id`,`product_cal`,`product_name`,`product_picname`,`product_picpath`,`product_price`,`FK_CategoryBean_category_id`,`FK_CompanyBean_company_id`,`enabled`) values 
(1,'2021-08-23 00:39:03.546000','2021-08-23 00:39:03.546000','L',5,'A01',170,'茉莉綠茶','茉莉綠茶.jpg','images/A01/茉莉綠茶.jpg',30,5,'A01',1),
(2,'2021-08-23 00:39:03.685000','2021-08-23 00:39:03.685000','M',5,'A01',119,'茉莉綠茶','茉莉綠茶.jpg','images/A01/茉莉綠茶.jpg',25,5,'A01',1),
(3,'2021-08-23 00:39:03.700000','2021-08-23 00:39:03.700000','L',5,'A01',170,'阿薩姆紅茶','阿薩姆紅茶.jpg','images/A01/阿薩姆紅茶.jpg',30,5,'A01',1),
(4,'2021-08-23 00:39:03.711000','2021-08-23 00:39:03.711000','M',5,'A01',119,'阿薩姆紅茶','阿薩姆紅茶.jpg','images/A01/阿薩姆紅茶.jpg',25,5,'A01',1),
(5,'2021-08-23 00:39:03.723000','2021-08-23 00:39:03.723000','L',5,'A01',170,'四季春青茶','四季春青茶.jpg','images/A01/四季春青茶.jpg',30,5,'A01',1),
(6,'2021-08-23 00:39:03.734000','2021-08-23 00:39:03.734000','M',5,'A01',119,'四季春青茶','四季春青茶.jpg','images/A01/四季春青茶.jpg',25,5,'A01',1),
(7,'2021-08-23 00:39:03.748000','2021-08-23 00:39:03.748000','L',5,'A01',170,'黃金烏龍茶','黃金烏龍茶.jpg','images/A01/黃金烏龍茶.jpg',30,5,'A01',1),
(8,'2021-08-23 00:39:03.763000','2021-08-23 00:39:03.763000','M',5,'A01',119,'黃金烏龍茶','黃金烏龍茶.jpg','images/A01/黃金烏龍茶.jpg',25,5,'A01',1),
(9,'2021-08-23 00:39:03.779000','2021-08-23 00:39:03.779000','L',5,'A01',217,'檸檬綠','檸檬綠.jpg','images/A01/檸檬綠.jpg',50,5,'A01',1),
(10,'2021-08-23 00:39:03.796000','2021-08-23 00:39:03.796000','M',5,'A01',140,'檸檬綠','檸檬綠.jpg','images/A01/檸檬綠.jpg',40,5,'A01',1),
(11,'2021-08-23 00:39:03.813000','2021-08-23 00:39:03.813000','L',5,'A01',395,'梅の綠','梅の綠.jpg','images/A01/梅の綠.jpg',50,5,'A01',1),
(12,'2021-08-23 00:39:03.828000','2021-08-23 00:39:03.828000','M',5,'A01',276,'梅の綠','梅の綠.jpg','images/A01/梅の綠.jpg',40,5,'A01',1),
(13,'2021-08-23 00:39:03.845000','2021-08-23 00:39:03.845000','L',5,'A01',217,'桔子綠','桔子綠.jpg','images/A01/桔子綠.jpg',50,5,'A01',1),
(14,'2021-08-23 00:39:03.863000','2021-08-23 00:39:03.863000','M',5,'A01',140,'桔子綠','桔子綠.jpg','images/A01/桔子綠.jpg',40,5,'A01',1),
(15,'2021-08-23 00:39:03.883000','2021-08-23 00:39:03.883000','L',5,'A01',267,'8冰綠','8冰綠.jpg','images/A01/8冰綠.jpg',50,5,'A01',1),
(16,'2021-08-23 00:39:03.902000','2021-08-23 00:39:03.902000','M',5,'A01',186,'8冰綠','8冰綠.jpg','images/A01/8冰綠.jpg',40,5,'A01',1),
(17,'2021-08-23 00:39:03.920000','2021-08-23 00:39:03.920000','L',5,'A01',318,'養樂多綠','養樂多綠.jpg','images/A01/養樂多綠.jpg',50,5,'A01',1),
(18,'2021-08-23 00:39:03.938000','2021-08-23 00:39:03.938000','M',5,'A01',230,'養樂多綠','養樂多綠.jpg','images/A01/養樂多綠.jpg',40,5,'A01',1),
(19,'2021-08-23 00:39:03.957000','2021-08-23 00:39:03.957000','L',5,'A01',330,'冰淇淋紅茶','冰淇淋紅茶.jpg','images/A01/冰淇淋紅茶.jpg',50,5,'A01',1),
(20,'2021-08-23 00:39:03.975000','2021-08-23 00:39:03.975000','M',5,'A01',244,'冰淇淋紅茶','冰淇淋紅茶.jpg','images/A01/冰淇淋紅茶.jpg',40,5,'A01',1),
(21,'2021-08-23 00:39:03.995000','2021-08-23 00:39:03.995000','L',5,'A01',326,'旺來紅','旺來紅.jpg','images/A01/旺來紅.jpg',50,5,'A01',1),
(22,'2021-08-23 00:39:04.015000','2021-08-23 00:39:04.015000','M',5,'A01',228,'旺來紅','旺來紅.jpg','images/A01/旺來紅.jpg',40,5,'A01',1),
(23,'2021-08-23 00:39:04.034000','2021-08-23 00:39:04.034000','L',5,'A01',260,'鮮柚綠','鮮柚綠.jpg','images/A01/鮮柚綠.jpg',60,5,'A01',1),
(24,'2021-08-23 00:39:04.056000','2021-08-23 00:39:04.056000','M',5,'A01',160,'鮮柚綠','鮮柚綠.jpg','images/A01/鮮柚綠.jpg',50,5,'A01',1),
(25,'2021-08-23 00:39:04.079000','2021-08-23 00:39:04.079000','L',6,'A01',532,'奶茶','奶茶.jpg','images/A01/奶茶.jpg',50,6,'A01',1),
(26,'2021-08-23 00:39:04.099000','2021-08-23 00:39:04.099000','M',6,'A01',372,'奶茶','奶茶.jpg','images/A01/奶茶.jpg',40,6,'A01',1),
(27,'2021-08-23 00:39:04.122000','2021-08-23 00:39:04.122000','L',6,'A01',532,'奶綠','奶綠.jpg','images/A01/奶綠.jpg',50,6,'A01',1),
(28,'2021-08-23 00:39:04.147000','2021-08-23 00:39:04.147000','M',6,'A01',372,'奶綠','奶綠.jpg','images/A01/奶綠.jpg',40,6,'A01',1),
(29,'2021-08-23 00:39:04.167000','2021-08-23 00:39:04.167000','L',6,'A01',636,'紅茶瑪奇朵','紅茶瑪奇朵.jpg','images/A01/紅茶瑪奇朵.jpg',50,6,'A01',1),
(30,'2021-08-23 00:39:04.190000','2021-08-23 00:39:04.190000','M',6,'A01',452,'紅茶瑪奇朵','紅茶瑪奇朵.jpg','images/A01/紅茶瑪奇朵.jpg',40,6,'A01',1),
(31,'2021-08-23 00:39:04.210000','2021-08-23 00:39:04.210000','L',6,'A01',636,'烏龍瑪奇朵','烏龍瑪奇朵.jpg','images/A01/烏龍瑪奇朵.jpg',50,6,'A01',1),
(32,'2021-08-23 00:39:04.232000','2021-08-23 00:39:04.232000','M',6,'A01',452,'烏龍瑪奇朵','烏龍瑪奇朵.jpg','images/A01/烏龍瑪奇朵.jpg',40,6,'A01',1),
(33,'2021-08-23 00:39:04.253000','2021-08-23 00:39:04.253000','L',6,'A01',532,'四季奶青','四季奶青.jpg','images/A01/四季奶青.jpg',50,6,'A01',1),
(34,'2021-08-23 00:39:04.279000','2021-08-23 00:39:04.279000','M',6,'A01',372,'四季奶青','四季奶青.jpg','images/A01/四季奶青.jpg',40,6,'A01',1),
(35,'2021-08-23 00:39:04.298000','2021-08-23 00:39:04.298000','L',6,'A01',472,'黃金烏龍奶茶','黃金烏龍茶.jpg','images/A01/黃金烏龍茶.jpg',50,6,'A01',1),
(36,'2021-08-23 00:39:04.316000','2021-08-23 00:39:04.316000','M',6,'A01',330,'黃金烏龍奶茶','黃金烏龍茶.jpg','images/A01/黃金烏龍茶.jpg',40,6,'A01',1),
(37,'2021-08-23 00:39:04.339000','2021-08-23 00:39:04.339000','L',6,'A01',512,'阿華田','阿華田.jpg','images/A01/阿華田.jpg',55,6,'A01',1),
(38,'2021-08-23 00:39:04.358000','2021-08-23 00:39:04.358000','M',6,'A01',359,'阿華田','阿華田.jpg','images/A01/阿華田.jpg',45,6,'A01',1),
(39,'2021-08-23 00:39:04.377000','2021-08-23 00:39:04.377000','L',6,'A01',414,'可可芭蕾','可可芭蕾.jpg','images/A01/可可芭蕾.jpg',60,6,'A01',1),
(40,'2021-08-23 00:39:04.400000','2021-08-23 00:39:04.400000','M',6,'A01',302,'可可芭蕾','可可芭蕾.jpg','images/A01/可可芭蕾.jpg',50,6,'A01',1),
(41,'2021-08-23 00:39:04.421000','2021-08-23 00:39:04.421000','L',7,'A01',320,'四季春+珍波椰','四季春+珍波椰.jpg','images/A01/四季春+珍波椰.jpg',40,7,'A01',1),
(42,'2021-08-23 00:39:04.449000','2021-08-23 00:39:04.449000','M',7,'A01',288,'四季春+珍波椰','四季春+珍波椰.jpg','images/A01/四季春+珍波椰.jpg',30,7,'A01',1),
(43,'2021-08-23 00:39:04.472000','2021-08-23 00:39:04.472000','L',7,'A01',424,'波霸紅茶','波霸紅茶.jpg','images/A01/波霸紅茶.jpg',40,7,'A01',1),
(44,'2021-08-23 00:39:04.495000','2021-08-23 00:39:04.495000','M',7,'A01',299,'波霸紅茶','波霸紅茶.jpg','images/A01/波霸紅茶.jpg',30,7,'A01',1),
(45,'2021-08-23 00:39:04.524000','2021-08-23 00:39:04.524000','L',7,'A01',424,'波霸綠茶','波霸綠茶.jpg','images/A01/波霸綠茶.jpg',40,7,'A01',1),
(46,'2021-08-23 00:39:04.547000','2021-08-23 00:39:04.547000','M',7,'A01',299,'波霸綠茶','波霸綠茶.jpg','images/A01/波霸綠茶.jpg',30,7,'A01',1),
(47,'2021-08-23 00:39:04.569000','2021-08-23 00:39:04.569000','L',7,'A01',424,'波霸青茶','波霸青茶.jpg','images/A01/波霸青茶.jpg',40,7,'A01',1),
(48,'2021-08-23 00:39:04.598000','2021-08-23 00:39:04.598000','M',7,'A01',299,'波霸青茶','波霸青茶.jpg','images/A01/波霸青茶.jpg',30,7,'A01',1),
(49,'2021-08-23 00:39:04.625000','2021-08-23 00:39:04.625000','L',7,'A01',424,'波霸烏龍茶','波霸烏龍茶.jpg','images/A01/波霸烏龍茶.jpg',40,7,'A01',1),
(50,'2021-08-23 00:39:04.651000','2021-08-23 00:39:04.651000','M',7,'A01',299,'波霸烏龍茶','波霸烏龍茶.jpg','images/A01/波霸烏龍茶.jpg',30,7,'A01',1),
(51,'2021-08-23 00:39:04.678000','2021-08-23 00:39:04.678000','L',7,'A01',678,'波霸奶茶','波霸奶茶.jpg','images/A01/波霸奶茶.jpg',50,7,'A01',1),
(52,'2021-08-23 00:39:04.731000','2021-08-23 00:39:04.731000','M',7,'A01',480,'波霸奶茶','波霸奶茶.jpg','images/A01/波霸奶茶.jpg',40,7,'A01',1),
(53,'2021-08-23 00:39:04.753000','2021-08-23 00:39:04.753000','L',7,'A01',678,'波霸奶綠','波霸奶綠.jpg','images/A01/波霸奶綠.jpg',50,7,'A01',1),
(54,'2021-08-23 00:39:04.780000','2021-08-23 00:39:04.780000','M',7,'A01',480,'波霸奶綠','波霸奶綠.jpg','images/A01/波霸奶綠.jpg',40,7,'A01',1),
(55,'2021-08-23 00:39:04.806000','2021-08-23 00:39:04.806000','L',7,'A01',635,'波霸烏龍奶茶','波霸烏龍奶茶.jpg','images/A01/波霸烏龍奶茶.jpg',50,7,'A01',1),
(56,'2021-08-23 00:39:04.855000','2021-08-23 00:39:04.855000','M',7,'A01',450,'波霸烏龍奶茶','波霸烏龍奶茶.jpg','images/A01/波霸烏龍奶茶.jpg',40,7,'A01',1),
(57,'2021-08-23 00:39:04.887000','2021-08-23 00:39:04.887000','L',7,'A01',424,'珍珠紅茶','珍珠紅茶.jpg','images/A01/珍珠紅茶.jpg',40,7,'A01',1),
(58,'2021-08-23 00:39:04.921000','2021-08-23 00:39:04.921000','M',7,'A01',299,'珍珠紅茶','珍珠紅茶.jpg','images/A01/珍珠紅茶.jpg',30,7,'A01',1),
(59,'2021-08-23 00:39:04.953000','2021-08-23 00:39:04.953000','L',7,'A01',424,'珍珠綠茶','珍珠綠茶.jpg','images/A01/珍珠綠茶.jpg',40,7,'A01',1),
(60,'2021-08-23 00:39:04.977000','2021-08-23 00:39:04.977000','M',7,'A01',299,'珍珠綠茶','珍珠綠茶.jpg','images/A01/珍珠綠茶.jpg',30,7,'A01',1),
(61,'2021-08-23 00:39:05.000000','2021-08-23 00:39:05.000000','L',7,'A01',424,'珍珠青茶','珍珠青茶.jpg','images/A01/珍珠青茶.jpg',40,7,'A01',1),
(62,'2021-08-23 00:39:05.027000','2021-08-23 00:39:05.027000','M',7,'A01',299,'珍珠青茶','珍珠青茶.jpg','images/A01/珍珠青茶.jpg',30,7,'A01',1),
(63,'2021-08-23 00:39:05.055000','2021-08-23 00:39:05.055000','L',7,'A01',424,'珍珠烏龍茶','珍珠烏龍茶.jpg','images/A01/珍珠烏龍茶.jpg',40,7,'A01',1),
(64,'2021-08-23 00:39:05.086000','2021-08-23 00:39:05.086000','M',7,'A01',299,'珍珠烏龍茶','珍珠烏龍茶.jpg','images/A01/珍珠烏龍茶.jpg',30,7,'A01',1),
(65,'2021-08-23 00:39:05.110000','2021-08-23 00:39:05.110000','L',7,'A01',678,'珍珠奶茶','珍珠奶茶.jpg','images/A01/珍珠奶茶.jpg',50,7,'A01',1),
(66,'2021-08-23 00:39:05.141000','2021-08-23 00:39:05.141000','M',7,'A01',480,'珍珠奶茶','珍珠奶茶.jpg','images/A01/珍珠奶茶.jpg',40,7,'A01',1),
(67,'2021-08-23 00:39:05.166000','2021-08-23 00:39:05.166000','L',7,'A01',678,'珍珠奶綠','珍珠奶綠.jpg','images/A01/珍珠奶綠.jpg',50,7,'A01',1),
(68,'2021-08-23 00:39:05.197000','2021-08-23 00:39:05.197000','M',7,'A01',480,'珍珠奶綠','珍珠奶綠.jpg','images/A01/珍珠奶綠.jpg',40,7,'A01',1),
(69,'2021-08-23 00:39:05.244000','2021-08-23 00:39:05.244000','L',7,'A01',655,'椰果奶茶','椰果奶茶.jpg','images/A01/椰果奶茶.jpg',50,7,'A01',1),
(70,'2021-08-23 00:39:05.290000','2021-08-23 00:39:05.290000','M',7,'A01',464,'椰果奶茶','椰果奶茶.jpg','images/A01/椰果奶茶.jpg',40,7,'A01',1),
(71,'2021-08-23 00:39:05.326000','2021-08-23 00:39:05.326000','L',7,'A01',592,'布丁奶茶','布丁奶茶.jpg','images/A01/布丁奶茶.jpg',60,7,'A01',1),
(72,'2021-08-23 00:39:05.364000','2021-08-23 00:39:05.364000','M',7,'A01',376,'布丁奶茶','布丁奶茶.jpg','images/A01/布丁奶茶.jpg',50,7,'A01',1),
(73,'2021-08-23 00:39:05.387000','2021-08-23 00:39:05.387000','L',7,'A01',592,'布丁奶綠','布丁奶綠.jpg','images/A01/布丁奶綠.jpg',60,7,'A01',1),
(74,'2021-08-23 00:39:05.416000','2021-08-23 00:39:05.416000','M',7,'A01',376,'布丁奶綠','布丁奶綠.jpg','images/A01/布丁奶茶.jpg',50,7,'A01',1),
(75,'2021-08-23 00:39:05.462000','2021-08-23 00:39:05.462000','L',7,'A01',339,'布丁紅茶','布丁紅茶.jpg','images/A01/布丁紅茶.jpg',50,7,'A01',1),
(76,'2021-08-23 00:39:05.495000','2021-08-23 00:39:05.495000','M',7,'A01',195,'布丁紅茶','布丁紅茶.jpg','images/A01/布丁紅茶.jpg',40,7,'A01',1),
(77,'2021-08-23 00:39:05.538000','2021-08-23 00:39:05.538000','L',7,'A01',339,'布丁綠茶','布丁綠茶.jpg','images/A01/布丁綠茶.jpg',50,7,'A01',1),
(78,'2021-08-23 00:39:05.563000','2021-08-23 00:39:05.563000','M',7,'A01',195,'布丁綠茶','布丁綠茶.jpg','images/A01/布丁綠茶.jpg',40,7,'A01',1),
(79,'2021-08-23 00:39:05.589000','2021-08-23 00:39:05.589000','L',7,'A01',339,'布丁青茶','布丁青茶.jpg','images/A01/布丁青茶.jpg',50,7,'A01',1),
(80,'2021-08-23 00:39:05.614000','2021-08-23 00:39:05.614000','M',7,'A01',195,'布丁青茶','布丁青茶.jpg','images/A01/布丁青茶.jpg',40,7,'A01',1),
(81,'2021-08-23 00:39:05.642000','2021-08-23 00:39:05.642000','L',7,'A01',339,'布丁烏龍茶','布丁烏龍茶.jpg','images/A01/布丁烏龍茶.jpg',50,7,'A01',1),
(82,'2021-08-23 00:39:05.672000','2021-08-23 00:39:05.672000','M',7,'A01',195,'布丁烏龍茶','布丁烏龍茶.jpg','images/A01/布丁烏龍茶.jpg',40,7,'A01',1),
(83,'2021-08-23 00:39:05.698000','2021-08-23 00:39:05.698000','L',8,'A01',228,'檸檬汁','檸檬汁.jpg','images/A01/檸檬汁.jpg',55,8,'A01',1),
(84,'2021-08-23 00:39:05.726000','2021-08-23 00:39:05.726000','M',8,'A01',161,'檸檬汁','檸檬汁.jpg','images/A01/檸檬汁.jpg',45,8,'A01',1),
(85,'2021-08-23 00:39:05.753000','2021-08-23 00:39:05.753000','L',8,'A01',228,'金桔檸檬','金桔檸檬.jpg','images/A01/金桔檸檬.jpg',55,8,'A01',1),
(86,'2021-08-23 00:39:05.777000','2021-08-23 00:39:05.777000','M',8,'A01',161,'金桔檸檬','金桔檸檬.jpg','images/A01/金桔檸檬.jpg',45,8,'A01',1),
(87,'2021-08-23 00:39:05.808000','2021-08-23 00:39:05.808000','L',8,'A01',338,'檸檬梅汁','檸檬梅汁.jpg','images/A01/檸檬梅汁.jpg',60,8,'A01',1),
(88,'2021-08-23 00:39:05.841000','2021-08-23 00:39:05.841000','M',8,'A01',239,'檸檬梅汁','檸檬梅汁.jpg','images/A01/檸檬梅汁.jpg',50,8,'A01',1),
(89,'2021-08-23 00:39:05.867000','2021-08-23 00:39:05.867000','L',8,'A01',490,'檸檬養樂多','檸檬養樂多.jpg','images/A01/檸檬養樂多.jpg',70,8,'A01',1),
(90,'2021-08-23 00:39:05.898000','2021-08-23 00:39:05.898000','M',8,'A01',357,'檸檬養樂多','檸檬養樂多.jpg','images/A01/檸檬養樂多.jpg',55,8,'A01',1),
(91,'2021-08-23 00:39:05.929000','2021-08-23 00:39:05.929000','L',8,'A01',291,'8冰茶','8冰茶.jpg','images/A01/8冰茶.jpg',50,8,'A01',1),
(92,'2021-08-23 00:39:05.956000','2021-08-23 00:39:05.956000','M',8,'A01',187,'8冰茶','8冰茶.jpg','images/A01/8冰茶.jpg',40,8,'A01',1),
(93,'2021-08-23 00:39:05.995000','2021-08-23 00:39:05.995000','L',8,'A01',258,'鮮柚汁','鮮柚汁.jpg','images/A01/鮮柚汁.jpg',60,8,'A01',1),
(94,'2021-08-23 00:39:06.029000','2021-08-23 00:39:06.029000','M',8,'A01',158,'鮮柚汁','鮮柚汁.jpg','images/A01/鮮柚汁.jpg',50,8,'A01',1),
(95,'2021-08-23 00:39:06.059000','2021-08-23 00:39:06.059000','L',8,'A01',350,'葡萄柚多多','葡萄柚多多.jpg','images/A01/葡萄柚多多.jpg',70,8,'A01',1),
(96,'2021-08-23 00:39:06.095000','2021-08-23 00:39:06.095000','M',8,'A01',250,'葡萄柚多多','葡萄柚多多.jpg','images/A01/葡萄柚多多.jpg',55,8,'A01',1),
(97,'2021-08-23 00:39:06.129000','2021-08-23 00:39:06.129000','L',9,'A01',334,'紅茶拿鐵','紅茶拿鐵.jpg','images/A01/紅茶拿鐵.jpg',60,9,'A01',1),
(98,'2021-08-23 00:39:06.168000','2021-08-23 00:39:06.168000','M',9,'A01',235,'紅茶拿鐵','紅茶拿鐵.jpg','images/A01/紅茶拿鐵.jpg',50,9,'A01',1),
(99,'2021-08-23 00:39:06.204000','2021-08-23 00:39:06.204000','L',9,'A01',334,'綠茶拿鐵','綠茶拿鐵.jpg','images/A01/綠茶拿鐵.jpg',60,9,'A01',1),
(100,'2021-08-23 00:39:06.243000','2021-08-23 00:39:06.243000','M',9,'A01',235,'綠茶拿鐵','綠茶拿鐵.jpg','images/A01/綠茶拿鐵.jpg',50,9,'A01',1),
(101,'2021-08-23 00:39:06.278000','2021-08-23 00:39:06.278000','L',9,'A01',334,'黃金烏龍拿鐵','黃金烏龍拿鐵.jpg','images/A01/黃金烏龍拿鐵.jpg',60,9,'A01',1),
(102,'2021-08-23 00:39:06.314000','2021-08-23 00:39:06.314000','M',9,'A01',235,'黃金烏龍拿鐵','黃金烏龍拿鐵.jpg','images/A01/黃金烏龍拿鐵.jpg',50,9,'A01',1),
(103,'2021-08-23 00:39:06.349000','2021-08-23 00:39:06.349000','L',9,'A01',428,'阿華田拿鐵','阿華田拿鐵.jpg','images/A01/阿華田拿鐵.jpg',70,9,'A01',1),
(104,'2021-08-23 00:39:06.387000','2021-08-23 00:39:06.387000','M',9,'A01',301,'阿華田拿鐵','阿華田拿鐵.jpg','images/A01/阿華田拿鐵.jpg',55,9,'A01',1),
(105,'2021-08-23 00:39:06.425000','2021-08-23 00:39:06.425000','L',9,'A01',336,'可可芭蕾拿鐵','可可芭蕾拿鐵.jpg','images/A01/可可芭蕾拿鐵.jpg',75,9,'A01',1),
(106,'2021-08-23 00:39:06.459000','2021-08-23 00:39:06.459000','M',9,'A01',237,'可可芭蕾拿鐵','可可芭蕾拿鐵.jpg','images/A01/可可芭蕾拿鐵.jpg',60,9,'A01',1),
(107,'2021-08-23 00:39:06.495000','2021-08-23 00:39:06.495000','L',10,'A01',662,'波霸鮮奶','波霸鮮奶.jpg','images/A01/波霸鮮奶.jpg',70,10,'A01',1),
(108,'2021-08-23 00:39:06.531000','2021-08-23 00:39:06.531000','M',10,'A01',458,'波霸鮮奶','波霸鮮奶.jpg','images/A01/波霸鮮奶.jpg',60,10,'A01',1),
(109,'2021-08-23 00:39:06.572000','2021-08-23 00:39:06.572000','L',10,'A01',662,'珍珠鮮奶','珍珠鮮奶.jpg','images/A01/珍珠鮮奶.jpg',70,10,'A01',1),
(110,'2021-08-23 00:39:06.606000','2021-08-23 00:39:06.606000','M',10,'A01',458,'珍珠鮮奶','珍珠鮮奶.jpg','images/A01/珍珠鮮奶.jpg',60,10,'A01',1),
(111,'2021-08-23 00:39:06.633000','2021-08-23 00:39:06.633000','L',10,'A01',217,'檸檬紅茶','檸檬紅茶.jpg','images/A01/檸檬紅茶.jpg',40,10,'A01',1),
(112,'2021-08-23 00:39:06.667000','2021-08-23 00:39:06.667000','M',10,'A01',140,'檸檬紅茶','檸檬紅茶.jpg','images/A01/檸檬紅茶.jpg',30,10,'A01',1),
(113,'2021-08-23 00:39:06.702000','2021-08-23 00:39:06.702000','L',10,'A01',338,'檸檬梅汁綠','檸檬梅汁綠.jpg','images/A01/檸檬梅汁綠.jpg',40,10,'A01',1),
(114,'2021-08-23 00:39:06.733000','2021-08-23 00:39:06.733000','M',10,'A01',239,'檸檬梅汁綠','檸檬梅汁綠.jpg','images/A01/檸檬梅汁綠.jpg',30,10,'A01',1),
(115,'2021-08-23 00:39:06.765000','2021-08-23 00:39:06.765000','L',1,'B01',272,'金牌愛玉檸檬','金牌愛玉檸檬.jpg','images/B01/金牌愛玉檸檬.jpg',60,1,'B01',1),
(116,'2021-08-23 00:39:06.792000','2021-08-23 00:39:06.792000','M',1,'B01',206,'金牌愛玉檸檬','金牌愛玉檸檬.jpg','images/B01/金牌愛玉檸檬.jpg',45,1,'B01',1),
(117,'2021-08-23 00:39:06.859000','2021-08-23 00:39:06.859000','L',1,'B01',264,'鳴光蜜金桔','鳴光蜜金桔.jpg','images/B01/鳴光蜜金桔.jpg',60,1,'B01',1),
(118,'2021-08-23 00:39:06.897000','2021-08-23 00:39:06.897000','M',1,'B01',200,'鳴光蜜金桔','鳴光蜜金桔.jpg','images/B01/鳴光蜜金桔.jpg',50,1,'B01',1),
(119,'2021-08-23 00:39:06.935000','2021-08-23 00:39:06.935000','L',1,'B01',239,'埔里甘蔗青','埔里甘蔗青.jpg','images/B01/埔里甘蔗青.jpg',55,1,'B01',1),
(120,'2021-08-23 00:39:06.966000','2021-08-23 00:39:06.966000','M',1,'B01',171,'埔里甘蔗青','埔里甘蔗青.jpg','images/B01/埔里甘蔗青.jpg',45,1,'B01',1),
(121,'2021-08-23 00:39:07.003000','2021-08-23 00:39:07.003000','L',1,'B01',326,'三義百香綠','三義百香綠.jpg','images/B01/三義百香綠.jpg',50,1,'B01',1),
(122,'2021-08-23 00:39:07.037000','2021-08-23 00:39:07.037000','M',1,'B01',284,'三義百香綠','三義百香綠.jpg','images/B01/三義百香綠.jpg',40,1,'B01',1),
(123,'2021-08-23 00:39:07.082000','2021-08-23 00:39:07.082000','L',1,'B01',279,'凍檸紅','凍檸紅.jpg','images/B01/凍檸紅.jpg',50,1,'B01',1),
(124,'2021-08-23 00:39:07.114000','2021-08-23 00:39:07.114000','M',1,'B01',217,'凍檸紅','凍檸紅.jpg','images/B01/凍檸紅.jpg',40,1,'B01',1),
(125,'2021-08-23 00:39:07.145000','2021-08-23 00:39:07.145000','L',1,'B01',279,'鮮榨檸檬青','鮮榨檸檬青.jpg','images/B01/鮮榨檸檬青.jpg',50,1,'B01',1),
(126,'2021-08-23 00:39:07.169000','2021-08-23 00:39:07.169000','M',1,'B01',217,'鮮榨檸檬青','鮮榨檸檬青.jpg','images/B01/鮮榨檸檬青.jpg',40,1,'B01',1),
(127,'2021-08-23 00:39:07.196000','2021-08-23 00:39:07.196000','L',1,'B01',303,'檸檬冬瓜露','檸檬冬瓜露.jpg','images/B01/檸檬冬瓜露.jpg',50,1,'B01',1),
(128,'2021-08-23 00:39:07.235000','2021-08-23 00:39:07.235000','M',1,'B01',242,'檸檬冬瓜露','檸檬冬瓜露.jpg','images/B01/檸檬冬瓜露.jpg',40,1,'B01',1),
(129,'2021-08-23 00:39:07.280000','2021-08-23 00:39:07.280000','L',1,'B01',275,'大青梅果綠','大青梅果綠.jpg','images/B01/大青梅果綠.jpg',50,1,'B01',1),
(130,'2021-08-23 00:39:07.324000','2021-08-23 00:39:07.324000','M',1,'B01',208,'大青梅果綠','大青梅果綠.jpg','images/B01/大青梅果綠.jpg',40,1,'B01',1),
(131,'2021-08-23 00:39:07.368000','2021-08-23 00:39:07.368000','L',2,'B01',172,'島嶼紅茶','島嶼紅茶.jpg','images/B01/島嶼紅茶.jpg',35,2,'B01',1),
(132,'2021-08-23 00:39:07.398000','2021-08-23 00:39:07.398000','M',2,'B01',130,'島嶼紅茶','島嶼紅茶.jpg','images/B01/島嶼紅茶.jpg',30,2,'B01',1),
(133,'2021-08-23 00:39:07.429000','2021-08-23 00:39:07.429000','L',2,'B01',172,'木柵四季春','木柵四季春.jpg','images/B01/木柵四季春.jpg',35,2,'B01',1),
(134,'2021-08-23 00:39:07.460000','2021-08-23 00:39:07.460000','M',2,'B01',130,'木柵四季春','木柵四季春.jpg','images/B01/木柵四季春.jpg',30,2,'B01',1),
(135,'2021-08-23 00:39:07.485000','2021-08-23 00:39:07.485000','L',2,'B01',172,'鹿野碧螺春綠茶','鹿野碧螺春綠茶.jpg','images/B01/鹿野碧螺春綠茶.jpg',35,2,'B01',1),
(136,'2021-08-23 00:39:07.508000','2021-08-23 00:39:07.508000','M',2,'B01',130,'鹿野碧螺春綠茶','鹿野碧螺春綠茶.jpg','images/B01/鹿野碧螺春綠茶.jpg',30,2,'B01',1),
(137,'2021-08-23 00:39:07.544000','2021-08-23 00:39:07.544000','L',2,'B01',172,'阿里山青心烏龍','阿里山青心烏龍.jpg','images/B01/阿里山青心烏龍.jpg',35,2,'B01',1),
(138,'2021-08-23 00:39:07.581000','2021-08-23 00:39:07.581000','M',2,'B01',130,'阿里山青心烏龍','阿里山青心烏龍.jpg','images/B01/阿里山青心烏龍.jpg',30,2,'B01',1),
(139,'2021-08-23 00:39:07.610000','2021-08-23 00:39:07.610000','L',3,'B01',243,'古早味冬瓜露','古早味冬瓜露.jpg','images/B01/古早味冬瓜露.jpg',35,3,'B01',1),
(140,'2021-08-23 00:39:07.635000','2021-08-23 00:39:07.635000','M',3,'B01',183,'古早味冬瓜露','古早味冬瓜露.jpg','images/B01/古早味冬瓜露.jpg',25,3,'B01',1),
(141,'2021-08-23 00:39:07.660000','2021-08-23 00:39:07.660000','L',3,'B01',198,'仙草甘茶','仙草甘茶.jpg','images/B01/仙草甘茶.jpg',35,3,'B01',1),
(142,'2021-08-23 00:39:07.686000','2021-08-23 00:39:07.686000','M',3,'B01',150,'仙草甘茶','仙草甘茶.jpg','images/B01/仙草甘茶.jpg',30,3,'B01',1),
(143,'2021-08-23 00:39:07.716000','2021-08-23 00:39:07.716000','L',3,'B01',380,'蔗香煙燻烏梅','蔗香煙燻烏梅.jpg','images/B01/蔗香煙燻烏梅.jpg',60,3,'B01',1),
(144,'2021-08-23 00:39:07.743000','2021-08-23 00:39:07.743000','M',3,'B01',288,'蔗香煙燻烏梅','蔗香煙燻烏梅.jpg','images/B01/蔗香煙燻烏梅.jpg',50,3,'B01',1),
(145,'2021-08-23 00:39:07.767000','2021-08-23 00:39:07.767000','L',3,'B01',235,'新武洛神仙楂','新武洛神仙楂.jpg','images/B01/新武洛神仙楂.jpg',65,3,'B01',1),
(146,'2021-08-23 00:39:07.791000','2021-08-23 00:39:07.791000','M',3,'B01',178,'新武洛神仙楂','新武洛神仙楂.jpg','images/B01/新武洛神仙楂.jpg',45,3,'B01',1),
(147,'2021-08-23 00:39:07.818000','2021-08-23 00:39:07.818000','L',3,'B01',676,'楊枝甘露','楊枝甘露.jpg','images/B01/楊枝甘露.jpg',80,3,'B01',1),
(148,'2021-08-23 00:39:07.845000','2021-08-23 00:39:07.845000','M',3,'B01',512,'楊枝甘露','楊枝甘露.jpg','images/B01/楊枝甘露.jpg',70,3,'B01',1),
(149,'2021-08-23 00:39:07.874000','2021-08-23 00:39:07.874000','L',4,'B01',365,'萬波奶茶','萬波奶茶.jpg','images/B01/萬波奶茶.jpg',45,4,'B01',1),
(150,'2021-08-23 00:39:07.900000','2021-08-23 00:39:07.900000','M',4,'B01',277,'萬波奶茶','萬波奶茶.jpg','images/B01/萬波奶茶.jpg',35,4,'B01',1),
(151,'2021-08-23 00:39:07.926000','2021-08-23 00:39:07.926000','L',4,'B01',365,'碧螺春奶綠','碧螺春奶綠.jpg','images/B01/碧螺春奶綠.jpg',45,4,'B01',1),
(152,'2021-08-23 00:39:07.953000','2021-08-23 00:39:07.953000','M',4,'B01',277,'碧螺春奶綠','碧螺春奶綠.jpg','images/B01/碧螺春奶綠.jpg',35,4,'B01',1),
(153,'2021-08-23 00:39:07.981000','2021-08-23 00:39:07.981000','L',4,'B01',365,'阿里山烏龍奶茶','阿里山烏龍奶茶.jpg','images/B01/阿里山烏龍奶茶.jpg',45,4,'B01',1),
(154,'2021-08-23 00:39:08.012000','2021-08-23 00:39:08.012000','M',4,'B01',277,'阿里山烏龍奶茶','阿里山烏龍奶茶.jpg','images/B01/阿里山烏龍奶茶.jpg',35,4,'B01',1),
(155,'2021-08-23 00:39:08.037000','2021-08-23 00:39:08.037000','L',4,'B01',521,'波霸奶茶','波霸奶茶.jpg','images/B01/波霸奶茶.jpg',50,4,'B01',1),
(156,'2021-08-23 00:39:08.065000','2021-08-23 00:39:08.065000','M',4,'B01',390,'波霸奶茶','波霸奶茶.jpg','images/B01/波霸奶茶.jpg',40,4,'B01',1),
(157,'2021-08-23 00:39:08.099000','2021-08-23 00:39:08.099000','L',4,'B01',411,'布丁奶茶','布丁奶茶.jpg','images/B01/布丁奶茶.jpg',60,4,'B01',1),
(158,'2021-08-23 00:39:08.133000','2021-08-23 00:39:08.133000','M',4,'B01',311,'布丁奶茶','布丁奶茶.jpg','images/B01/布丁奶茶.jpg',50,4,'B01',1),
(159,'2021-08-23 00:39:08.175000','2021-08-23 00:39:08.175000','L',4,'B01',323,'仙草奶茶','仙草奶茶.jpg','images/B01/仙草奶茶.jpg',50,4,'B01',1),
(160,'2021-08-23 00:39:08.208000','2021-08-23 00:39:08.208000','M',4,'B01',245,'仙草奶茶','仙草奶茶.jpg','images/B01/仙草奶茶.jpg',40,4,'B01',1),
(161,'2021-08-23 00:39:08.243000','2021-08-23 00:39:08.243000','M',4,'B01',318,'黑糖珍珠鮮奶','黑糖珍珠鮮奶.jpg','images/B01/黑糖珍珠鮮奶.jpg',50,4,'B01',1),
(162,'2021-08-23 00:39:08.277000','2021-08-23 00:39:08.277000','M',4,'B01',421,'紅豆粉粿鮮奶','紅豆粉粿鮮奶.jpg','images/B01/紅豆粉粿鮮奶.jpg',65,4,'B01',1),
(163,'2021-08-23 00:39:08.308000','2021-08-23 00:39:08.308000','L',4,'B01',238,'蘭葉那堤','蘭葉那堤.jpg','images/B01/蘭葉那堤.jpg',55,4,'B01',1),
(164,'2021-08-23 00:39:08.336000','2021-08-23 00:39:08.336000','M',4,'B01',180,'蘭葉那堤','蘭葉那堤.jpg','images/B01/蘭葉那堤.jpg',45,4,'B01',1),
(165,'2021-08-23 00:39:08.367000','2021-08-23 00:39:08.367000','L',4,'B01',238,'烏龍那堤','烏龍那堤.jpg','images/B01/烏龍那堤.jpg',55,4,'B01',1),
(166,'2021-08-23 00:39:08.397000','2021-08-23 00:39:08.397000','M',4,'B01',180,'烏龍那堤','烏龍那堤.jpg','images/B01/烏龍那堤.jpg',45,4,'B01',1),
(167,'2021-08-23 00:39:08.425000','2021-08-23 00:39:08.425000','L',11,'C01',200,'熟成紅茶','熟成紅茶.jpg','images/C01/熟成紅茶.jpg',35,11,'C01',1),
(168,'2021-08-23 00:39:08.460000','2021-08-23 00:39:08.460000','M',11,'C01',180,'熟成紅茶','熟成紅茶.jpg','images/C01/熟成紅茶.jpg',30,11,'C01',1),
(169,'2021-08-23 00:39:08.494000','2021-08-23 00:39:08.494000','L',11,'C01',200,'麗春紅茶','麗春紅茶.jpg','images/C01/麗春紅茶.jpg',35,11,'C01',1),
(170,'2021-08-23 00:39:08.524000','2021-08-23 00:39:08.524000','M',11,'C01',180,'麗春紅茶','麗春紅茶.jpg','images/C01/麗春紅茶.jpg',30,11,'C01',1),
(171,'2021-08-23 00:39:08.578000','2021-08-23 00:39:08.578000','L',11,'C01',182,'太妃紅茶','太妃紅茶.jpg','images/C01/太妃紅茶.jpg',40,11,'C01',1),
(172,'2021-08-23 00:39:08.616000','2021-08-23 00:39:08.616000','M',11,'C01',161,'太妃紅茶','太妃紅茶.jpg','images/C01/太妃紅茶.jpg',35,11,'C01',1),
(173,'2021-08-23 00:39:08.653000','2021-08-23 00:39:08.653000','L',11,'C01',200,'胭脂紅茶','胭脂紅茶.jpg','images/C01/胭脂紅茶.jpg',45,11,'C01',1),
(174,'2021-08-23 00:39:08.687000','2021-08-23 00:39:08.687000','M',11,'C01',180,'胭脂紅茶','胭脂紅茶.jpg','images/C01/胭脂紅茶.jpg',40,11,'C01',1),
(175,'2021-08-23 00:39:08.725000','2021-08-23 00:39:08.725000','L',11,'C01',377,'雪藏紅茶','雪藏紅茶.jpg','images/C01/雪藏紅茶.jpg',60,11,'C01',1),
(176,'2021-08-23 00:39:08.778000','2021-08-23 00:39:08.778000','M',11,'C01',287,'雪藏紅茶','雪藏紅茶.jpg','images/C01/雪藏紅茶.jpg',50,11,'C01',1),
(177,'2021-08-23 00:39:08.812000','2021-08-23 00:39:08.812000','L',11,'C01',180,'春芽綠茶','春芽綠茶.jpg','images/C01/春芽綠茶.jpg',35,11,'C01',1),
(178,'2021-08-23 00:39:08.850000','2021-08-23 00:39:08.850000','M',11,'C01',160,'春芽綠茶','春芽綠茶.jpg','images/C01/春芽綠茶.jpg',30,11,'C01',1),
(179,'2021-08-23 00:39:08.888000','2021-08-23 00:39:08.888000','L',11,'C01',356,'春梅冰茶','春梅冰茶.jpg','images/C01/春梅冰茶.jpg',50,11,'C01',1),
(180,'2021-08-23 00:39:08.923000','2021-08-23 00:39:08.923000','M',11,'C01',257,'春梅冰茶','春梅冰茶.jpg','images/C01/春梅冰茶.jpg',40,11,'C01',1),
(181,'2021-08-23 00:39:08.961000','2021-08-23 00:39:08.961000','L',11,'C01',247,'雪花冷露','雪花冷露.jpg','images/C01/雪花冷露.jpg',35,11,'C01',1),
(182,'2021-08-23 00:39:08.992000','2021-08-23 00:39:08.992000','M',11,'C01',176,'雪花冷露','雪花冷露.jpg','images/C01/雪花冷露.jpg',30,11,'C01',1),
(183,'2021-08-23 00:39:09.021000','2021-08-23 00:39:09.021000','L',11,'C01',211,'熟成冷露','熟成冷露.jpg','images/C01/熟成冷露.jpg',35,11,'C01',1),
(184,'2021-08-23 00:39:09.058000','2021-08-23 00:39:09.058000','M',11,'C01',155,'熟成冷露','熟成冷露.jpg','images/C01/熟成冷露.jpg',30,11,'C01',1),
(185,'2021-08-23 00:39:09.094000','2021-08-23 00:39:09.094000','L',11,'C01',211,'春芽冷露','春芽冷露.jpg','images/C01/春芽冷露.jpg',35,11,'C01',1),
(186,'2021-08-23 00:39:09.126000','2021-08-23 00:39:09.126000','M',11,'C01',155,'春芽冷露','春芽冷露.jpg','images/C01/春芽冷露.jpg',30,11,'C01',1),
(187,'2021-08-23 00:39:09.161000','2021-08-23 00:39:09.161000','L',11,'C01',307,'冷露歐蕾','冷露歐蕾.jpg','images/C01/冷露歐蕾.jpg',55,11,'C01',1),
(188,'2021-08-23 00:39:09.202000','2021-08-23 00:39:09.202000','M',11,'C01',221,'冷露歐蕾','冷露歐蕾.jpg','images/C01/冷露歐蕾.jpg',45,11,'C01',1),
(189,'2021-08-23 00:39:09.235000','2021-08-23 00:39:09.235000','L',11,'C01',311,'熟成歐蕾','熟成歐蕾.jpg','images/C01/熟成歐蕾.jpg',55,11,'C01',1),
(190,'2021-08-23 00:39:09.267000','2021-08-23 00:39:09.267000','M',11,'C01',111,'熟成歐蕾','熟成歐蕾.jpg','images/C01/熟成歐蕾.jpg',45,11,'C01',1),
(191,'2021-08-23 00:39:09.302000','2021-08-23 00:39:09.302000','L',11,'C01',443,'白玉歐蕾','白玉歐蕾.jpg','images/C01/白玉歐蕾.jpg',65,11,'C01',1),
(192,'2021-08-23 00:39:09.341000','2021-08-23 00:39:09.341000','M',11,'C01',395,'白玉歐蕾','白玉歐蕾.jpg','images/C01/白玉歐蕾.jpg',55,11,'C01',1),
(193,'2021-08-23 00:39:09.380000','2021-08-23 00:39:09.380000','M',11,'C01',168,'熟成檸果','熟成檸果.jpg','images/C01/熟成檸果.jpg',55,11,'C01',1),
(194,'2021-08-23 00:39:09.417000','2021-08-23 00:39:09.417000','L',12,'C01',407,'胭脂多多','胭脂多多.jpg','images/C01/胭脂多多.jpg',55,12,'C01',1),
(195,'2021-08-23 00:39:09.461000','2021-08-23 00:39:09.461000','M',12,'C01',320,'胭脂多多','胭脂多多.jpg','images/C01/胭脂多多.jpg',45,12,'C01',1),
(196,'2021-08-23 00:39:09.499000','2021-08-23 00:39:09.499000','L',12,'C01',335,'派森末茶','派森末茶.jpg','images/C01/派森末茶.jpg',70,12,'C01',1),
(197,'2021-08-23 00:39:09.532000','2021-08-23 00:39:09.532000','M',12,'C01',257,'派森末茶','派森末茶.jpg','images/C01/派森末茶.jpg',60,12,'C01',1),
(198,'2021-08-23 00:39:09.571000','2021-08-23 00:39:09.571000','M',12,'C01',306,'露比末茶','露比末茶.jpg','images/C01/露比末茶.jpg',60,12,'C01',1),
(199,'2021-08-23 00:39:09.606000','2021-08-23 00:39:09.606000','M',12,'C01',427,'紅寶歐蕾','紅寶歐蕾.jpg','images/C01/紅寶歐蕾.jpg',70,12,'C01',1),
(200,'2021-08-23 00:39:09.636000','2021-08-23 00:39:09.636000','L',12,'C01',368,'雪藏末茶','雪藏末茶.jpg','images/C01/雪藏末茶.jpg',65,12,'C01',1),
(201,'2021-08-23 00:39:09.673000','2021-08-23 00:39:09.673000','M',12,'C01',250,'雪藏末茶','雪藏末茶.jpg','images/C01/雪藏末茶.jpg',55,12,'C01',1),
(202,'2021-08-23 00:39:09.708000','2021-08-23 00:39:09.708000','L',13,'D01',426,'珍珠伯爵紅茶拿鐵','珍珠伯爵紅茶拿鐵.jpg','images/D01/珍珠伯爵紅茶拿鐵.jpg',65,13,'D01',1),
(203,'2021-08-23 00:39:09.744000','2021-08-23 00:39:09.744000','M',13,'D01',315,'珍珠伯爵紅茶拿鐵','珍珠伯爵紅茶拿鐵.jpg','images/D01/珍珠伯爵紅茶拿鐵.jpg',55,13,'D01',1),
(204,'2021-08-23 00:39:09.779000','2021-08-23 00:39:09.779000','L',13,'D01',370,'芋圓茉香綠茶拿鐵','芋圓茉香綠茶拿鐵.jpg','images/D01/芋圓茉香綠茶拿鐵.jpg',70,13,'D01',1),
(205,'2021-08-23 00:39:09.820000','2021-08-23 00:39:09.820000','M',13,'D01',243,'芋圓茉香綠茶拿鐵','芋圓茉香綠茶拿鐵.jpg','images/D01/芋圓茉香綠茶拿鐵.jpg',60,13,'D01',1),
(206,'2021-08-23 00:39:09.859000','2021-08-23 00:39:09.859000','L',13,'D01',501,'手感芋圓芋泥鮮奶','手感芋圓芋泥鮮奶.jpg','images/D01/手感芋圓芋泥鮮奶.jpg',95,13,'D01',1),
(207,'2021-08-23 00:39:09.897000','2021-08-23 00:39:09.897000','M',13,'D01',357,'手感芋圓芋泥鮮奶','手感芋圓芋泥鮮奶.jpg','images/D01/手感芋圓芋泥鮮奶.jpg',75,13,'D01',1),
(208,'2021-08-23 00:39:09.932000','2021-08-23 00:39:09.932000','L',13,'D01',559,'珍珠手炒黑糖鮮奶','珍珠手炒黑糖鮮奶.jpg','images/D01/珍珠手炒黑糖鮮奶.jpg',90,13,'D01',1),
(209,'2021-08-23 00:39:09.967000','2021-08-23 00:39:09.967000','M',13,'D01',452,'珍珠手炒黑糖鮮奶','珍珠手炒黑糖鮮奶.jpg','images/D01/珍珠手炒黑糖鮮奶.jpg',70,13,'D01',1),
(210,'2021-08-23 00:39:10.009000','2021-08-23 00:39:10.009000','L',13,'D01',464,'雙Q琥珀烏龍拿鐵','雙Q琥珀烏龍拿鐵.jpg','images/D01/雙Q琥珀烏龍拿鐵.jpg',80,13,'D01',1),
(211,'2021-08-23 00:39:10.047000','2021-08-23 00:39:10.047000','L',13,'D01',267,'仙草凍冬瓜茶','仙草凍冬瓜茶.jpg','images/D01/仙草凍冬瓜茶.jpg',40,13,'D01',1),
(212,'2021-08-23 00:39:10.090000','2021-08-23 00:39:10.090000','L',14,'D01',200,'英倫伯爵紅茶','英倫伯爵紅茶.jpg','images/D01/英倫伯爵紅茶.jpg',35,14,'D01',1),
(213,'2021-08-23 00:39:10.143000','2021-08-23 00:39:10.143000','L',14,'D01',165,'大正醇香紅茶','大正醇香紅茶.jpg','images/D01/大正醇香紅茶.jpg',30,14,'D01',1),
(214,'2021-08-23 00:39:10.189000','2021-08-23 00:39:10.189000','L',14,'D01',109,'焙香決明大麥','焙香決明大麥.jpg','images/D01/焙香決明大麥.jpg',25,14,'D01',1),
(215,'2021-08-23 00:39:10.228000','2021-08-23 00:39:10.228000','L',14,'D01',128,'琥珀高峰烏龍','琥珀高峰烏龍.jpg','images/D01/琥珀高峰烏龍.jpg',30,14,'D01',1),
(216,'2021-08-23 00:39:10.272000','2021-08-23 00:39:10.272000','L',14,'D01',131,'茉莉原淬綠茶','茉莉原淬綠茶.jpg','images/D01/茉莉原淬綠茶.jpg',30,14,'D01',1),
(217,'2021-08-23 00:39:10.314000','2021-08-23 00:39:10.314000','L',14,'D01',139,'原片初露青茶','原片初露青茶.jpg','images/D01/原片初露青茶.jpg',30,14,'D01',1),
(218,'2021-08-23 00:39:10.358000','2021-08-23 00:39:10.358000','L',14,'D01',260,'原鄉冬瓜茶','原鄉冬瓜茶.jpg','images/D01/原鄉冬瓜茶.jpg',30,14,'D01',1),
(219,'2021-08-23 00:39:10.397000','2021-08-23 00:39:10.397000','L',14,'D01',20,'沉香烏龍','沉香烏龍.jpg','images/D01/沉香烏龍.jpg',70,14,'D01',1),
(220,'2021-08-23 00:39:10.431000','2021-08-23 00:39:10.431000','L',14,'D01',32,'小山見晴','小山見晴.jpg','images/D01/小山見晴.jpg',70,14,'D01',1),
(221,'2021-08-23 00:39:10.471000','2021-08-23 00:39:10.471000','L',14,'D01',8,'青採翠玉','青採翠玉.jpg','images/D01/青採翠玉.jpg',40,14,'D01',1),
(222,'2021-08-23 00:39:10.513000','2021-08-23 00:39:10.513000','L',15,'D01',236,'伯爵紅茶拿鐵','伯爵紅茶拿鐵.jpg','images/D01/伯爵紅茶拿鐵.jpg',55,15,'D01',1),
(223,'2021-08-23 00:39:10.557000','2021-08-23 00:39:10.557000','M',15,'D01',171,'伯爵紅茶拿鐵','伯爵紅茶拿鐵.jpg','images/D01/伯爵紅茶拿鐵.jpg',45,15,'D01',1),
(224,'2021-08-23 00:39:10.599000','2021-08-23 00:39:10.599000','L',15,'D01',211,'大正紅茶拿鐵','大正紅茶拿鐵.jpg','images/D01/大正紅茶拿鐵.jpg',55,15,'D01',1),
(225,'2021-08-23 00:39:10.637000','2021-08-23 00:39:10.637000','M',15,'D01',161,'大正紅茶拿鐵','大正紅茶拿鐵.jpg','images/D01/大正紅茶拿鐵.jpg',45,15,'D01',1),
(226,'2021-08-23 00:39:10.675000','2021-08-23 00:39:10.675000','L',15,'D01',219,'焙香大麥拿鐵','焙香大麥拿鐵.jpg','images/D01/焙香大麥拿鐵.jpg',55,15,'D01',1),
(227,'2021-08-23 00:39:10.718000','2021-08-23 00:39:10.718000','M',15,'D01',169,'焙香大麥拿鐵','焙香大麥拿鐵.jpg','images/D01/焙香大麥拿鐵.jpg',45,15,'D01',1),
(228,'2021-08-23 00:39:10.770000','2021-08-23 00:39:10.770000','L',15,'D01',208,'琥珀烏龍拿鐵','琥珀烏龍拿鐵.jpg','images/D01/琥珀烏龍拿鐵.jpg',55,15,'D01',1),
(229,'2021-08-23 00:39:10.819000','2021-08-23 00:39:10.819000','M',15,'D01',165,'琥珀烏龍拿鐵','琥珀烏龍拿鐵.jpg','images/D01/琥珀烏龍拿鐵.jpg',45,15,'D01',1),
(230,'2021-08-23 00:39:10.869000','2021-08-23 00:39:10.869000','L',15,'D01',219,'茉香綠茶拿鐵','茉香綠茶拿鐵.jpg','images/D01/茉香綠茶拿鐵.jpg',55,15,'D01',1),
(231,'2021-08-23 00:39:10.908000','2021-08-23 00:39:10.908000','M',15,'D01',158,'茉香綠茶拿鐵','茉香綠茶拿鐵.jpg','images/D01/茉香綠茶拿鐵.jpg',45,15,'D01',1),
(232,'2021-08-23 00:39:10.949000','2021-08-23 00:39:10.949000','L',15,'D01',241,'醇濃紅茶鮮豆奶','醇濃紅茶鮮豆奶.jpg','images/D01/醇濃紅茶鮮豆奶.jpg',55,15,'D01',1),
(233,'2021-08-23 00:39:10.996000','2021-08-23 00:39:10.996000','L',16,'D01',436,'手炒黑糖鮮奶','手炒黑糖鮮奶.jpg','images/D01/手炒黑糖鮮奶.jpg',80,16,'D01',1),
(234,'2021-08-23 00:39:11.046000','2021-08-23 00:39:11.046000','M',16,'D01',334,'手炒黑糖鮮奶','手炒黑糖鮮奶.jpg','images/D01/手炒黑糖鮮奶.jpg',60,16,'D01',1),
(235,'2021-08-23 00:39:11.095000','2021-08-23 00:39:11.095000','L',16,'D01',393,'嫩仙草凍奶','嫩仙草凍奶.jpg','images/D01/嫩仙草凍奶.jpg',85,16,'D01',1),
(236,'2021-08-23 00:39:11.143000','2021-08-23 00:39:11.143000','M',16,'D01',303,'嫩仙草凍奶','嫩仙草凍奶.jpg','images/D01/嫩仙草凍奶.jpg',65,16,'D01',1),
(237,'2021-08-23 00:39:11.187000','2021-08-23 00:39:11.187000','L',16,'D01',433,'手感芋圓鮮奶','手感芋圓鮮奶.jpg','images/D01/手感芋圓鮮奶.jpg',90,16,'D01',1),
(238,'2021-08-23 00:39:11.228000','2021-08-23 00:39:11.228000','M',16,'D01',295,'手感芋圓鮮奶','手感芋圓鮮奶.jpg','images/D01/手感芋圓鮮奶.jpg',70,16,'D01',1),
(239,'2021-08-23 00:39:11.267000','2021-08-23 00:39:11.267000','L',16,'D01',429,'法芙娜純可可鮮奶','法芙娜純可可鮮奶.jpg','images/D01/法芙娜純可可鮮奶.jpg',80,16,'D01',1),
(240,'2021-08-23 00:39:11.309000','2021-08-23 00:39:11.309000','M',16,'D01',312,'法芙娜純可可鮮奶','法芙娜純可可鮮奶.jpg','images/D01/法芙娜純可可鮮奶.jpg',60,16,'D01',1),
(241,'2021-08-23 00:39:11.349000','2021-08-23 00:39:11.349000','L',16,'D01',351,'宇治焙茶鮮奶','宇治焙茶鮮奶.jpg','images/D01/宇治焙茶鮮奶.jpg',85,16,'D01',1),
(242,'2021-08-23 00:39:11.390000','2021-08-23 00:39:11.390000','M',16,'D01',256,'宇治焙茶鮮奶','宇治焙茶鮮奶.jpg','images/D01/宇治焙茶鮮奶.jpg',65,16,'D01',1),
(243,'2021-08-23 00:39:11.430000','2021-08-23 00:39:11.430000','L',16,'D01',352,'出雲抹茶鮮奶','出雲抹茶鮮奶.jpg','images/D01/出雲抹茶鮮奶.jpg',90,16,'D01',1),
(244,'2021-08-23 00:39:11.471000','2021-08-23 00:39:11.471000','M',16,'D01',257,'出雲抹茶鮮奶','出雲抹茶鮮奶.jpg','images/D01/出雲抹茶鮮奶.jpg',70,16,'D01',1),
(245,'2021-08-23 00:39:11.512000','2021-08-23 00:39:11.512000','L',16,'D01',411,'冬瓜鮮奶','冬瓜鮮奶.jpg','images/D01/冬瓜鮮奶.jpg',80,16,'D01',1),
(246,'2021-08-23 00:39:11.556000','2021-08-23 00:39:11.556000','M',16,'D01',325,'冬瓜鮮奶','冬瓜鮮奶.jpg','images/D01/冬瓜鮮奶.jpg',60,16,'D01',1),
(247,'2021-08-23 00:39:11.595000','2021-08-23 00:39:11.595000','L',16,'D01',477,'珍珠鮮奶','珍珠鮮奶.jpg','images/D01/珍珠鮮奶.jpg',85,16,'D01',1),
(248,'2021-08-23 00:39:11.635000','2021-08-23 00:39:11.635000','M',16,'D01',356,'珍珠鮮奶','珍珠鮮奶.jpg','images/D01/珍珠鮮奶.jpg',65,16,'D01',1),
(249,'2021-08-23 00:39:11.676000','2021-08-23 00:39:11.676000','L',16,'D01',463,'芋頭鮮奶','芋頭鮮奶.jpg','images/D01/芋頭鮮奶.jpg',85,16,'D01',1),
(250,'2021-08-23 00:39:11.738000','2021-08-23 00:39:11.738000','M',16,'D01',343,'芋頭鮮奶','芋頭鮮奶.jpg','images/D01/芋頭鮮奶.jpg',65,16,'D01',1),
(251,'2021-08-23 00:39:11.777000','2021-08-23 00:39:11.777000','L',17,'D01',237,'冬瓜麥茶','冬瓜麥茶.jpg','images/D01/冬瓜麥茶.jpg',35,17,'D01',1),
(252,'2021-08-23 00:39:11.816000','2021-08-23 00:39:11.816000','L',17,'D01',238,'冬瓜青茶','冬瓜青茶.jpg','images/D01/冬瓜青茶.jpg',40,17,'D01',1),
(253,'2021-08-23 00:39:11.852000','2021-08-23 00:39:11.852000','L',17,'D01',289,'冬瓜檸檬','冬瓜檸檬.jpg','images/D01/冬瓜檸檬.jpg',45,17,'D01',1),
(254,'2021-08-23 00:39:11.892000','2021-08-23 00:39:11.892000','L',17,'D01',207,'冰糖洛神梅','冰糖洛神梅.jpg','images/D01/冰糖洛神梅.jpg',45,17,'D01',1),
(255,'2021-08-23 00:39:11.932000','2021-08-23 00:39:11.932000','L',17,'D01',199,'茉香洛神冰沙','茉香洛神冰沙.jpg','images/D01/茉香洛神冰沙.jpg',45,17,'D01',1),
(256,'2021-08-23 00:39:11.975000','2021-08-23 00:39:11.975000','L',17,'D01',175,'蜂農花蜜茶','蜂農花蜜茶.jpg','images/D01/蜂農花蜜茶.jpg',45,17,'D01',1),
(257,'2021-08-23 00:39:12.014000','2021-08-23 00:39:12.014000','L',17,'D01',204,'水漾檸紅','水漾檸紅.jpg','images/D01/水漾檸紅.jpg',35,17,'D01',1),
(258,'2021-08-23 00:39:12.052000','2021-08-23 00:39:12.052000','L',17,'D01',193,'水漾檸綠','水漾檸綠.jpg','images/D01/水漾檸綠.jpg',35,17,'D01',1),
(259,'2021-08-23 00:39:12.093000','2021-08-23 00:39:12.093000','L',17,'D01',268,'冰萃檸檬','冰萃檸檬.jpg','images/D01/冰萃檸檬.jpg',55,17,'D01',1),
(260,'2021-08-23 00:39:12.132000','2021-08-23 00:39:12.132000','L',17,'D01',243,'冰萃柳丁','冰萃柳丁.jpg','images/D01/冰萃柳丁.jpg',55,17,'D01',1),
(261,'2021-08-23 00:39:12.169000','2021-08-23 00:39:12.169000','L',17,'D01',209,'青檸香茶','青檸香茶.jpg','images/D01/青檸香茶.jpg',60,17,'D01',1),
(262,'2021-08-23 00:39:12.212000','2021-08-23 00:39:12.212000','L',17,'D01',274,'香柚綠茶','香柚綠茶.jpg','images/D01/香柚綠茶.jpg',50,17,'D01',1),
(263,'2021-08-23 00:39:12.249000','2021-08-23 00:39:12.249000','L',17,'D01',276,'養樂多綠','養樂多綠.jpg','images/D01/養樂多綠.jpg',50,17,'D01',1),
(264,'2021-08-23 00:39:12.293000','2021-08-23 00:39:12.293000','L',17,'D01',251,'柳丁綠茶','柳丁綠茶.jpg','images/D01/柳丁綠茶.jpg',50,17,'D01',1),
(265,'2021-08-23 00:39:12.336000','2021-08-23 00:39:12.336000','L',17,'D01',256,'柳丁青茶','柳丁青茶.jpg','images/D01/柳丁青茶.jpg',50,17,'D01',1),
(266,'2021-08-23 00:39:12.377000','2021-08-23 00:39:12.377000','L',17,'D01',236,'白甘蔗青茶','白甘蔗青茶.jpg','images/D01/白甘蔗青茶.jpg',60,17,'D01',1),
(267,'2021-08-23 00:39:12.415000','2021-08-23 00:39:12.415000','L',18,'E01',211,'梅子綠茶','梅子綠茶.jpg','images/E01/梅子綠茶.jpg',45,18,'E01',1),
(268,'2021-08-23 00:39:12.464000','2021-08-23 00:39:12.464000','M',18,'E01',139,'梅子綠茶','梅子綠茶.jpg','images/E01/梅子綠茶.jpg',35,18,'E01',1),
(269,'2021-08-23 00:39:12.512000','2021-08-23 00:39:12.512000','L',18,'E01',335,'蜂蜜烏龍','蜂蜜烏龍.jpg','images/E01/蜂蜜烏龍.jpg',50,18,'E01',1),
(270,'2021-08-23 00:39:12.556000','2021-08-23 00:39:12.556000','M',18,'E01',221,'蜂蜜烏龍','蜂蜜烏龍.jpg','images/E01/蜂蜜烏龍.jpg',40,18,'E01',1),
(271,'2021-08-23 00:39:12.598000','2021-08-23 00:39:12.598000','L',18,'E01',314,'蜂蜜綠茶','蜂蜜綠茶.jpg','images/E01/蜂蜜綠茶.jpg',50,18,'E01',1),
(272,'2021-08-23 00:39:12.646000','2021-08-23 00:39:12.646000','M',18,'E01',207,'蜂蜜綠茶','蜂蜜綠茶.jpg','images/E01/蜂蜜綠茶.jpg',40,18,'E01',1),
(273,'2021-08-23 00:39:12.694000','2021-08-23 00:39:12.694000','L',18,'E01',564,'頂級可可','頂級可可.jpg','images/E01/頂級可可.jpg',50,18,'E01',1),
(274,'2021-08-23 00:39:12.743000','2021-08-23 00:39:12.743000','L',18,'E01',494,'濃情巧克力','濃情巧克力.jpg','images/E01/濃情巧克力.jpg',50,18,'E01',1),
(275,'2021-08-23 00:39:12.794000','2021-08-23 00:39:12.794000','L',18,'E01',267,'蜜茶','蜜茶.jpg','images/E01/蜜茶.jpg',40,18,'E01',1),
(276,'2021-08-23 00:39:12.841000','2021-08-23 00:39:12.841000','M',18,'E01',176,'蜜茶','蜜茶.jpg','images/E01/蜜茶.jpg',30,18,'E01',1),
(277,'2021-08-23 00:39:12.889000','2021-08-23 00:39:12.889000','L',18,'E01',202,'情人茶','情人茶.jpg','images/E01/情人茶.jpg',50,18,'E01',1),
(278,'2021-08-23 00:39:12.932000','2021-08-23 00:39:12.932000','M',18,'E01',133,'情人茶','情人茶.jpg','images/E01/情人茶.jpg',40,18,'E01',1),
(279,'2021-08-23 00:39:12.976000','2021-08-23 00:39:12.976000','L',18,'E01',381,'咖啡奶茶','咖啡奶茶.jpg','images/E01/咖啡奶茶.jpg',60,18,'E01',1),
(280,'2021-08-23 00:39:13.023000','2021-08-23 00:39:13.023000','M',18,'E01',251,'咖啡奶茶','咖啡奶茶.jpg','images/E01/咖啡奶茶.jpg',45,18,'E01',1),
(281,'2021-08-23 00:39:13.066000','2021-08-23 00:39:13.066000','L',18,'E01',633,'芋香奶茶','芋香奶茶.jpg','images/E01/芋香奶茶.jpg',55,18,'E01',1),
(282,'2021-08-23 00:39:13.116000','2021-08-23 00:39:13.116000','M',18,'E01',418,'芋香奶茶','芋香奶茶.jpg','images/E01/芋香奶茶.jpg',45,18,'E01',1),
(283,'2021-08-23 00:39:13.177000','2021-08-23 00:39:13.177000','L',18,'E01',25,'Red Bull紅牛無糖能量綠茶','Red Bull紅牛無糖能量綠茶.jpg','images/E01/Red Bull紅牛無糖能量綠茶.jpg',80,18,'E01',1),
(284,'2021-08-23 00:39:13.246000','2021-08-23 00:39:13.246000','L',18,'E01',161,'Red Bull紅牛能量紅茶','Red Bull紅牛能量紅茶.jpg','images/E01/Red Bull紅牛能量紅茶.jpg',80,18,'E01',1),
(285,'2021-08-23 00:39:13.298000','2021-08-23 00:39:13.298000','L',18,'E01',161,'Red Bull紅牛能量飲料','Red Bull紅牛能量飲料.jpg','images/E01/Red Bull紅牛能量飲料.jpg',55,18,'E01',1),
(286,'2021-08-23 00:39:13.340000','2021-08-23 00:39:13.340000','L',18,'E01',25,'Red Bull無糖紅牛能量飲料','Red Bull無糖紅牛能量飲料.jpg','images/E01/Red Bull無糖紅牛能量飲料.jpg',55,18,'E01',1),
(287,'2021-08-23 00:39:13.385000','2021-08-23 00:39:13.385000','L',19,'E01',753,'珍珠奶茶','珍珠奶茶.jpg','images/E01/珍珠奶茶.jpg',50,19,'E01',1),
(288,'2021-08-23 00:39:13.429000','2021-08-23 00:39:13.429000','M',19,'E01',496,'珍珠奶茶','珍珠奶茶.jpg','images/E01/珍珠奶茶.jpg',40,19,'E01',1),
(289,'2021-08-23 00:39:13.477000','2021-08-23 00:39:13.477000','L',19,'E01',684,'錫蘭奶紅','錫蘭奶紅.jpg','images/E01/錫蘭奶紅.jpg',50,19,'E01',1),
(290,'2021-08-23 00:39:13.527000','2021-08-23 00:39:13.527000','M',19,'E01',451,'錫蘭奶紅','錫蘭奶紅.jpg','images/E01/錫蘭奶紅.jpg',40,19,'E01',1),
(291,'2021-08-23 00:39:13.580000','2021-08-23 00:39:13.580000','L',19,'E01',661,'烏龍奶茶','烏龍奶茶.jpg','images/E01/烏龍奶茶.jpg',50,19,'E01',1),
(292,'2021-08-23 00:39:13.624000','2021-08-23 00:39:13.624000','M',19,'E01',436,'烏龍奶茶','烏龍奶茶.jpg','images/E01/烏龍奶茶.jpg',40,19,'E01',1),
(293,'2021-08-23 00:39:13.671000','2021-08-23 00:39:13.671000','L',19,'E01',648,'特級奶綠','特級奶綠.jpg','images/E01/特級奶綠.jpg',50,19,'E01',1),
(294,'2021-08-23 00:39:13.718000','2021-08-23 00:39:13.718000','M',19,'E01',427,'特級奶綠','特級奶綠.jpg','images/E01/特級奶綠.jpg',40,19,'E01',1),
(295,'2021-08-23 00:39:13.770000','2021-08-23 00:39:13.770000','L',19,'E01',491,'仙草凍奶茶','仙草凍奶茶.jpg','images/E01/仙草凍奶茶.jpg',50,19,'E01',1),
(296,'2021-08-23 00:39:13.816000','2021-08-23 00:39:13.816000','M',19,'E01',323,'仙草凍奶茶','仙草凍奶茶.jpg','images/E01/仙草凍奶茶.jpg',40,19,'E01',1),
(297,'2021-08-23 00:39:13.862000','2021-08-23 00:39:13.862000','L',19,'E01',562,'椰果奶茶','椰果奶茶.jpg','images/E01/椰果奶茶.jpg',50,19,'E01',1),
(298,'2021-08-23 00:39:13.913000','2021-08-23 00:39:13.913000','M',19,'E01',371,'椰果奶茶','椰果奶茶.jpg','images/E01/椰果奶茶.jpg',40,19,'E01',1),
(299,'2021-08-23 00:39:13.958000','2021-08-23 00:39:13.958000','L',19,'E01',563,'布丁奶茶','布丁奶茶.jpg','images/E01/布丁奶茶.jpg',50,19,'E01',1),
(300,'2021-08-23 00:39:14.007000','2021-08-23 00:39:14.007000','M',19,'E01',371,'布丁奶茶','布丁奶茶.jpg','images/E01/布丁奶茶.jpg',40,19,'E01',1),
(301,'2021-08-23 00:39:14.058000','2021-08-23 00:39:14.058000','L',19,'E01',616,'暗黑水晶奶茶','暗黑水晶奶茶.jpg','images/E01/暗黑水晶奶茶.jpg',50,19,'E01',1),
(302,'2021-08-23 00:39:14.103000','2021-08-23 00:39:14.103000','M',19,'E01',406,'暗黑水晶奶茶','暗黑水晶奶茶.jpg','images/E01/暗黑水晶奶茶.jpg',40,19,'E01',1),
(303,'2021-08-23 00:39:14.152000','2021-08-23 00:39:14.152000','L',19,'E01',705,'粉圓奶茶','粉圓奶茶.jpg','images/E01/粉圓奶茶.jpg',50,19,'E01',1),
(304,'2021-08-23 00:39:14.198000','2021-08-23 00:39:14.198000','M',19,'E01',465,'粉圓奶茶','粉圓奶茶.jpg','images/E01/粉圓奶茶.jpg',40,19,'E01',1),
(305,'2021-08-23 00:39:14.253000','2021-08-23 00:39:14.253000','L',19,'E01',771,'蜂蜜奶茶','蜂蜜奶茶.jpg','images/E01/蜂蜜奶茶.jpg',60,19,'E01',1),
(306,'2021-08-23 00:39:14.298000','2021-08-23 00:39:14.298000','M',19,'E01',508,'蜂蜜奶茶','蜂蜜奶茶.jpg','images/E01/蜂蜜奶茶.jpg',45,19,'E01',1),
(307,'2021-08-23 00:39:14.346000','2021-08-23 00:39:14.346000','L',19,'E01',771,'芝麻奶茶','芝麻奶茶.jpg','images/E01/芝麻奶茶.jpg',60,19,'E01',1),
(308,'2021-08-23 00:39:14.397000','2021-08-23 00:39:14.397000','L',19,'E01',733,'太妃鴛鴦奶茶','太妃鴛鴦奶茶.jpg','images/E01/太妃鴛鴦奶茶.jpg',70,19,'E01',1),
(309,'2021-08-23 00:39:14.446000','2021-08-23 00:39:14.446000','M',19,'E01',483,'太妃鴛鴦奶茶','太妃鴛鴦奶茶.jpg','images/E01/太妃鴛鴦奶茶.jpg',60,19,'E01',1),
(310,'2021-08-23 00:39:14.496000','2021-08-23 00:39:14.496000','L',19,'E01',392,'鮮奶茶','鮮奶茶.jpg','images/E01/鮮奶茶.jpg',60,19,'E01',1),
(311,'2021-08-23 00:39:14.550000','2021-08-23 00:39:14.550000','M',19,'E01',258,'鮮奶茶','鮮奶茶.jpg','images/E01/鮮奶茶.jpg',45,19,'E01',1),
(312,'2021-08-23 00:39:14.601000','2021-08-23 00:39:14.601000','L',19,'E01',637,'珍珠鮮奶茶','珍珠鮮奶茶.jpg','images/E01/珍珠鮮奶茶.jpg',60,19,'E01',1),
(313,'2021-08-23 00:39:14.653000','2021-08-23 00:39:14.653000','M',19,'E01',420,'珍珠鮮奶茶','珍珠鮮奶茶.jpg','images/E01/珍珠鮮奶茶.jpg',45,19,'E01',1),
(314,'2021-08-23 00:39:14.706000','2021-08-23 00:39:14.706000','L',19,'E01',565,'珍珠蜂蜜鮮奶普洱','珍珠蜂蜜鮮奶普洱.jpg','images/E01/珍珠蜂蜜鮮奶普洱.jpg',70,19,'E01',1),
(315,'2021-08-23 00:39:14.780000','2021-08-23 00:39:14.780000','M',19,'E01',373,'珍珠蜂蜜鮮奶普洱','珍珠蜂蜜鮮奶普洱.jpg','images/E01/珍珠蜂蜜鮮奶普洱.jpg',50,19,'E01',1),
(316,'2021-08-23 00:39:14.837000','2021-08-23 00:39:14.837000','L',19,'E01',623,'頂級可可拿鐵','頂級可可拿鐵.jpg','images/E01/頂級可可拿鐵.jpg',75,19,'E01',1),
(317,'2021-08-23 00:39:14.892000','2021-08-23 00:39:14.892000','L',19,'E01',336,'鮮奶冬瓜','鮮奶冬瓜.jpg','images/E01/鮮奶冬瓜.jpg',60,19,'E01',1),
(318,'2021-08-23 00:39:14.948000','2021-08-23 00:39:14.948000','L',19,'E01',433,'咖啡拿鐵','咖啡拿鐵.jpg','images/E01/咖啡拿鐵.jpg',70,19,'E01',1),
(319,'2021-08-23 00:39:15.008000','2021-08-23 00:39:15.008000','M',19,'E01',286,'咖啡拿鐵','咖啡拿鐵.jpg','images/E01/咖啡拿鐵.jpg',55,19,'E01',1),
(320,'2021-08-23 00:39:15.071000','2021-08-23 00:39:15.071000','L',19,'E01',491,'粉圓鮮奶茶','粉圓鮮奶茶.jpg','images/E01/粉圓鮮奶茶.jpg',60,19,'E01',1),
(321,'2021-08-23 00:39:15.128000','2021-08-23 00:39:15.128000','M',19,'E01',323,'粉圓鮮奶茶','粉圓鮮奶茶.jpg','images/E01/粉圓鮮奶茶.jpg',45,19,'E01',1),
(322,'2021-08-23 00:39:15.181000','2021-08-23 00:39:15.181000','L',19,'E01',571,'珍珠芝麻拿鐵','珍珠芝麻拿鐵.jpg','images/E01/珍珠芝麻拿鐵.jpg',70,19,'E01',1),
(323,'2021-08-23 00:39:15.231000','2021-08-23 00:39:15.231000','L',20,'E01',345,'優多綠茶','優多綠茶.jpg','images/E01/優多綠茶.jpg',45,20,'E01',1),
(324,'2021-08-23 00:39:15.278000','2021-08-23 00:39:15.278000','L',20,'E01',348,'優多檸檬','優多檸檬.jpg','images/E01/優多檸檬.jpg',60,20,'E01',1),
(325,'2021-08-23 00:39:15.329000','2021-08-23 00:39:15.329000','L',20,'E01',360,'優多葡萄柚','優多葡萄柚.jpg','images/E01/優多葡萄柚.jpg',60,20,'E01',1),
(326,'2021-08-23 00:39:15.381000','2021-08-23 00:39:15.381000','L',20,'E01',385,'蘆薈優多綠茶','蘆薈優多綠茶.jpg','images/E01/蘆薈優多綠茶.jpg',55,20,'E01',1),
(327,'2021-08-23 00:39:15.433000','2021-08-23 00:39:15.433000','L',21,'E01',270,'蜂蜜檸檬','蜂蜜檸檬.jpg','images/E01/蜂蜜檸檬.jpg',65,21,'E01',1),
(328,'2021-08-23 00:39:15.487000','2021-08-23 00:39:15.487000','M',21,'E01',178,'蜂蜜檸檬','蜂蜜檸檬.jpg','images/E01/蜂蜜檸檬.jpg',50,21,'E01',1),
(329,'2021-08-23 00:39:15.536000','2021-08-23 00:39:15.536000','L',21,'E01',326,'蘆薈蜂蜜檸檬','蘆薈蜂蜜檸檬.jpg','images/E01/蘆薈蜂蜜檸檬.jpg',75,21,'E01',1),
(330,'2021-08-23 00:39:15.583000','2021-08-23 00:39:15.583000','M',21,'E01',215,'蘆薈蜂蜜檸檬','蘆薈蜂蜜檸檬.jpg','images/E01/蘆薈蜂蜜檸檬.jpg',60,21,'E01',1),
(331,'2021-08-23 00:39:15.636000','2021-08-23 00:39:15.636000','L',21,'E01',220,'金桔檸檬','金桔檸檬.jpg','images/E01/金桔檸檬.jpg',55,21,'E01',1),
(332,'2021-08-23 00:39:15.694000','2021-08-23 00:39:15.694000','M',21,'E01',145,'金桔檸檬','金桔檸檬.jpg','images/E01/金桔檸檬.jpg',45,21,'E01',1),
(333,'2021-08-23 00:39:15.750000','2021-08-23 00:39:15.750000','L',21,'E01',258,'葡萄柚綠茶','葡萄柚綠茶.jpg','images/E01/葡萄柚綠茶.jpg',55,21,'E01',1),
(334,'2021-08-23 00:39:15.801000','2021-08-23 00:39:15.801000','M',21,'E01',170,'葡萄柚綠茶','葡萄柚綠茶.jpg','images/E01/葡萄柚綠茶.jpg',45,21,'E01',1),
(335,'2021-08-23 00:39:15.856000','2021-08-23 00:39:15.856000','L',21,'E01',217,'檸檬紅茶','檸檬紅茶.jpg','images/E01/檸檬紅茶.jpg',55,21,'E01',1),
(336,'2021-08-23 00:39:15.912000','2021-08-23 00:39:15.912000','M',21,'E01',143,'檸檬紅茶','檸檬紅茶.jpg','images/E01/檸檬紅茶.jpg',45,21,'E01',1),
(337,'2021-08-23 00:39:15.968000','2021-08-23 00:39:15.968000','L',21,'E01',211,'檸檬綠茶','檸檬綠茶.jpg','images/E01/檸檬綠茶.jpg',55,21,'E01',1),
(338,'2021-08-23 00:39:16.017000','2021-08-23 00:39:16.017000','M',21,'E01',139,'檸檬綠茶','檸檬綠茶.jpg','images/E01/檸檬綠茶.jpg',45,21,'E01',1),
(339,'2021-08-23 00:39:16.075000','2021-08-23 00:39:16.075000','L',21,'E01',214,'檸檬汁','檸檬汁.jpg','images/E01/檸檬汁.jpg',55,21,'E01',1),
(340,'2021-08-23 00:39:16.130000','2021-08-23 00:39:16.130000','M',21,'E01',141,'檸檬汁','檸檬汁.jpg','images/E01/檸檬汁.jpg',45,21,'E01',1),
(341,'2021-08-23 00:39:16.193000','2021-08-23 00:39:16.193000','L',21,'E01',239,'葡萄柚汁','葡萄柚汁.jpg','images/E01/葡萄柚汁.jpg',55,21,'E01',1),
(342,'2021-08-23 00:39:16.248000','2021-08-23 00:39:16.248000','M',21,'E01',158,'葡萄柚汁','葡萄柚汁.jpg','images/E01/葡萄柚汁.jpg',45,21,'E01',1),
(343,'2021-08-23 00:39:16.296000','2021-08-23 00:39:16.296000','L',21,'E01',211,'桔茶','桔茶.jpg','images/E01/桔茶.jpg',55,21,'E01',1),
(344,'2021-08-23 00:39:16.367000','2021-08-23 00:39:16.367000','M',21,'E01',139,'桔茶','桔茶.jpg','images/E01/桔茶.jpg',45,21,'E01',1),
(345,'2021-08-23 00:39:16.420000','2021-08-23 00:39:16.420000','L',22,'E01',556,'冰淇淋紅茶','冰淇淋紅茶.jpg','images/E01/冰淇淋紅茶.jpg',50,22,'E01',1),
(346,'2021-08-23 00:39:16.477000','2021-08-23 00:39:16.477000','M',22,'E01',366,'冰淇淋紅茶','冰淇淋紅茶.jpg','images/E01/冰淇淋紅茶.jpg',40,22,'E01',1),
(347,'2021-08-23 00:39:16.535000','2021-08-23 00:39:16.535000','L',22,'E01',784,'冰淇淋奶茶','冰淇淋奶茶.jpg','images/E01/冰淇淋奶茶.jpg',65,22,'E01',1),
(348,'2021-08-23 00:39:16.588000','2021-08-23 00:39:16.588000','M',22,'E01',517,'冰淇淋奶茶','冰淇淋奶茶.jpg','images/E01/冰淇淋奶茶.jpg',45,22,'E01',1),
(349,'2021-08-23 00:39:16.645000','2021-08-23 00:39:16.645000','L',22,'E01',677,'珍珠冰淇淋布丁紅茶','珍珠冰淇淋布丁紅茶.jpg','images/E01/珍珠冰淇淋布丁紅茶.jpg',65,22,'E01',1),
(350,'2021-08-23 00:39:16.694000','2021-08-23 00:39:16.694000','L',23,'E01',273,'冬瓜茶','冬瓜茶.jpg','images/E01/冬瓜茶.jpg',30,23,'E01',1),
(351,'2021-08-23 00:39:16.747000','2021-08-23 00:39:16.747000','L',23,'E01',273,'冬瓜檸檬','冬瓜檸檬.jpg','images/E01/冬瓜檸檬.jpg',55,23,'E01',1),
(352,'2021-08-23 00:39:16.801000','2021-08-23 00:39:16.801000','L',23,'E01',304,'冬瓜菁茶','冬瓜菁茶.jpg','images/E01/冬瓜菁茶.jpg',35,23,'E01',1),
(353,'2021-08-23 00:39:16.852000','2021-08-23 00:39:16.852000','L',24,'E01',236,'烏龍綠茶','烏龍綠茶.jpg','images/E01/烏龍綠茶.jpg',30,24,'E01',1),
(354,'2021-08-23 00:39:16.906000','2021-08-23 00:39:16.906000','M',24,'E01',156,'烏龍綠茶','烏龍綠茶.jpg','images/E01/烏龍綠茶.jpg',25,24,'E01',1),
(355,'2021-08-23 00:39:16.956000','2021-08-23 00:39:16.956000','L',24,'E01',214,'特級綠茶','特級綠茶.jpg','images/E01/特級綠茶.jpg',30,24,'E01',1),
(356,'2021-08-23 00:39:17.012000','2021-08-23 00:39:17.012000','M',24,'E01',141,'特級綠茶','特級綠茶.jpg','images/E01/特級綠茶.jpg',25,24,'E01',1),
(357,'2021-08-23 00:39:17.067000','2021-08-23 00:39:17.067000','L',24,'E01',220,'錫蘭紅茶','錫蘭紅茶.jpg','images/E01/錫蘭紅茶.jpg',30,24,'E01',1),
(358,'2021-08-23 00:39:17.118000','2021-08-23 00:39:17.118000','M',24,'E01',145,'錫蘭紅茶','錫蘭紅茶.jpg','images/E01/錫蘭紅茶.jpg',25,24,'E01',1),
(359,'2021-08-23 00:39:17.170000','2021-08-23 00:39:17.170000','L',24,'E01',236,'極品菁茶','極品菁茶.jpg','images/E01/極品菁茶.jpg',30,24,'E01',1),
(360,'2021-08-23 00:39:17.221000','2021-08-23 00:39:17.221000','M',24,'E01',156,'極品菁茶','極品菁茶.jpg','images/E01/極品菁茶.jpg',25,24,'E01',1),
(361,'2021-08-23 00:39:17.275000','2021-08-23 00:39:17.275000','L',24,'E01',134,'原鄉四季','原鄉四季.jpg','images/E01/原鄉四季.jpg',30,24,'E01',1),
(362,'2021-08-23 00:39:17.330000','2021-08-23 00:39:17.330000','M',24,'E01',88,'原鄉四季','原鄉四季.jpg','images/E01/原鄉四季.jpg',25,24,'E01',1),
(363,'2021-08-23 00:39:17.386000','2021-08-23 00:39:17.386000','L',24,'E01',211,'特選普洱','特選普洱.jpg','images/E01/特選普洱.jpg',30,24,'E01',1),
(364,'2021-08-23 00:39:17.447000','2021-08-23 00:39:17.447000','M',24,'E01',139,'特選普洱','特選普洱.jpg','images/E01/特選普洱.jpg',25,24,'E01',1),
(365,'2021-08-23 00:39:17.517000','2021-08-23 00:39:17.517000','L',24,'E01',236,'翡翠烏龍','翡翠烏龍.jpg','images/E01/翡翠烏龍.jpg',30,24,'E01',1),
(366,'2021-08-23 00:39:17.583000','2021-08-23 00:39:17.583000','M',24,'E01',156,'翡翠烏龍','翡翠烏龍.jpg','images/E01/翡翠烏龍.jpg',25,24,'E01',1),
(367,'2021-08-23 00:39:17.639000','2021-08-23 00:39:17.639000','L',25,'E01',391,'蘋果醋','蘋果醋.jpg','images/E01/蘋果醋.jpg',50,25,'E01',1),
(368,'2021-08-23 00:39:17.697000','2021-08-23 00:39:17.697000','L',25,'E01',404,'蘋果醋紅茶','蘋果醋紅茶.jpg','images/E01/蘋果醋紅茶.jpg',55,25,'E01',1),
(369,'2021-08-23 00:39:17.756000','2021-08-23 00:39:17.756000','L',25,'E01',515,'蜂蜜蘋果醋','蜂蜜蘋果醋.jpg','images/E01/蜂蜜蘋果醋.jpg',60,25,'E01',1),
(370,'2021-08-23 00:39:17.831000','2021-08-23 00:39:17.831000','L',25,'E01',373,'藍莓醋','藍莓醋.jpg','images/E01/藍莓醋.jpg',55,25,'E01',1),
(371,'2021-08-23 00:39:17.890000','2021-08-23 00:39:17.890000','L',25,'E01',466,'蘆薈藍莓醋','蘆薈藍莓醋.jpg','images/E01/蘆薈藍莓醋.jpg',65,25,'E01',1),
(372,'2021-08-23 00:39:17.949000','2021-08-23 00:39:17.949000','L',25,'E01',503,'蜂蜜藍莓醋','蜂蜜藍莓醋.jpg','images/E01/蜂蜜藍莓醋.jpg',65,25,'E01',1),
(373,'2021-08-23 00:39:18.008000','2021-08-23 00:39:18.008000','L',26,'F01',135,'茉莉綠茶','茉莉綠茶.jpg','images/F026/茉莉綠茶.jpg',30,26,'F01',1),
(374,'2021-08-23 00:39:18.068000','2021-08-23 00:39:18.068000','L',26,'F01',135,'四季春青茶','四季春青茶.jpg','images/F01/四季春青茶.jpg',30,26,'F01',1),
(375,'2021-08-23 00:39:18.129000','2021-08-23 00:39:18.129000','L',26,'F01',92,'莊園紅茶','莊園紅茶.jpg','images/F01/莊園紅茶.jpg',30,26,'F01',1),
(376,'2021-08-23 00:39:18.193000','2021-08-23 00:39:18.193000','L',26,'F01',273,'四季珍椰青','四季珍椰青.jpg','images/F01/四季珍椰青.jpg',40,26,'F01',1),
(377,'2021-08-23 00:39:18.253000','2021-08-23 00:39:18.253000','L',26,'F01',438,'雲朵奶蓋紅茶','雲朵奶蓋紅茶.jpg','images/F01/雲朵奶蓋紅茶.jpg',45,26,'F01',1),
(378,'2021-08-23 00:39:18.314000','2021-08-23 00:39:18.314000','L',26,'F01',397,'雲朵奶蓋綠茶','雲朵奶蓋綠茶.jpg','images/F01/雲朵奶蓋綠茶.jpg',45,26,'F01',1),
(379,'2021-08-23 00:39:18.368000','2021-08-23 00:39:18.368000','L',26,'F01',270,'蜜香凍紅茶','蜜香凍紅茶.jpg','images/F01/蜜香凍紅茶.jpg',45,26,'F01',1),
(380,'2021-08-23 00:39:18.426000','2021-08-23 00:39:18.426000','L',26,'F01',294,'蜜香凍綠茶','蜜香凍綠茶.jpg','images/F01/蜜香凍綠茶.jpg',45,26,'F01',1),
(381,'2021-08-23 00:39:18.487000','2021-08-23 00:39:18.487000','L',26,'F01',338,'蜜香凍青茶','蜜香凍青茶.jpg','images/F01/蜜香凍青茶.jpg',45,26,'F01',1),
(382,'2021-08-23 00:39:18.547000','2021-08-23 00:39:18.547000','L',27,'F01',588,'綠豆沙','綠豆沙.jpg','images/F01/綠豆沙.jpg',50,27,'F01',1),
(383,'2021-08-23 00:39:18.602000','2021-08-23 00:39:18.602000','L',27,'F01',598,'芒果冰沙','芒果冰沙.jpg','images/F01/芒果冰沙.jpg',50,27,'F01',1),
(384,'2021-08-23 00:39:18.658000','2021-08-23 00:39:18.658000','L',27,'F01',659,'芒果歐蕾','芒果歐蕾.jpg','images/F01/芒果歐蕾.jpg',65,27,'F01',1),
(385,'2021-08-23 00:39:18.717000','2021-08-23 00:39:18.717000','L',27,'F01',650,'綠豆沙牛奶','綠豆沙牛奶.jpg','images/F01/綠豆沙牛奶.jpg',65,27,'F01',1),
(386,'2021-08-23 00:39:18.779000','2021-08-23 00:39:18.779000','L',27,'F01',588,'綠豆沙自由配','綠豆沙自由配.jpg','images/F01/綠豆沙自由配.jpg',60,27,'F01',1),
(387,'2021-08-23 00:39:18.850000','2021-08-23 00:39:18.850000','L',28,'F01',350,'百香綠茶','百香綠茶.jpg','images/F01/百香綠茶.jpg',35,28,'F01',1),
(388,'2021-08-23 00:39:18.912000','2021-08-23 00:39:18.912000','L',28,'F01',270,'鮮檸檬紅茶','鮮檸檬紅茶.jpg','images/F01/鮮檸檬紅茶.jpg',40,28,'F01',1),
(389,'2021-08-23 00:39:18.971000','2021-08-23 00:39:18.971000','L',28,'F01',313,'鮮檸檬綠茶','鮮檸檬綠茶.jpg','images/F01/鮮檸檬綠茶.jpg',40,28,'F01',1),
(390,'2021-08-23 00:39:19.033000','2021-08-23 00:39:19.033000','L',28,'F01',313,'鮮檸檬青茶','鮮檸檬青茶.jpg','images/F01/鮮檸檬青茶.jpg',40,28,'F01',1),
(391,'2021-08-23 00:39:19.097000','2021-08-23 00:39:19.097000','L',28,'F01',367,'芒果綠茶','芒果綠茶.jpg','images/F01/芒果綠茶.jpg',40,28,'F01',1),
(392,'2021-08-23 00:39:19.159000','2021-08-23 00:39:19.159000','L',28,'F01',290,'檸檬冬瓜露','檸檬冬瓜露.jpg','images/F01/檸檬冬瓜露.jpg',40,28,'F01',1),
(393,'2021-08-23 00:39:19.219000','2021-08-23 00:39:19.219000','L',28,'F01',237,'蕎麥冬瓜露','蕎麥冬瓜露.jpg','images/F01/蕎麥冬瓜露.jpg',45,28,'F01',1),
(394,'2021-08-23 00:39:19.282000','2021-08-23 00:39:19.282000','L',28,'F01',432,'蜜香檸凍紅茶','蜜香檸凍紅茶.jpg','images/F01/蜜香檸凍紅茶.jpg',45,28,'F01',1),
(395,'2021-08-23 00:39:19.365000','2021-08-23 00:39:19.365000','L',28,'F01',460,'蜜香檸凍綠茶','蜜香檸凍綠茶.jpg','images/F01/蜜香檸凍綠茶.jpg',45,28,'F01',1),
(396,'2021-08-23 00:39:19.418000','2021-08-23 00:39:19.418000','L',28,'F01',489,'蜜香檸凍青茶','蜜香檸凍青茶.jpg','images/F01/蜜香檸凍青茶.jpg',45,28,'F01',1),
(397,'2021-08-23 00:39:19.471000','2021-08-23 00:39:19.471000','L',28,'F01',508,'蜜香檸凍冬','蜜香檸凍冬.jpg','images/F01/蜜香檸凍冬.jpg',45,28,'F01',1),
(398,'2021-08-23 00:39:19.530000','2021-08-23 00:39:19.530000','L',28,'F01',568,'百香雙響炮','百香雙響炮.jpg','images/F01/百香雙響炮.jpg',55,28,'F01',1),
(399,'2021-08-23 00:39:19.585000','2021-08-23 00:39:19.585000','L',28,'F01',278,'金桔檸檬','金桔檸檬.jpg','images/F01/金桔檸檬.jpg',50,28,'F01',1),
(400,'2021-08-23 00:39:19.644000','2021-08-23 00:39:19.644000','L',28,'F01',412,'冬瓜西谷米','冬瓜西谷米.jpg','images/F01/冬瓜西谷米.jpg',40,28,'F01',1),
(401,'2021-08-23 00:39:19.708000','2021-08-23 00:39:19.708000','L',28,'F01',343,'綠茶養樂多','綠茶養樂多.jpg','images/F01/綠茶養樂多.jpg',55,28,'F01',1),
(402,'2021-08-23 00:39:19.770000','2021-08-23 00:39:19.770000','L',28,'F01',320,'檸檬霸','檸檬霸.jpg','images/F01/檸檬霸.jpg',55,28,'F01',1),
(403,'2021-08-23 00:39:19.837000','2021-08-23 00:39:19.837000','L',28,'F01',375,'鮮榨蘋果百香','鮮榨蘋果百香.jpg','images/F01/鮮榨蘋果百香.jpg',55,28,'F01',1),
(404,'2021-08-23 00:39:19.891000','2021-08-23 00:39:19.891000','L',28,'F01',392,'鮮香橙冰茶','鮮香橙冰茶.jpg','images/F01/鮮香橙冰茶.jpg',60,28,'F01',1),
(405,'2021-08-23 00:39:19.961000','2021-08-23 00:39:19.961000','L',28,'F01',290,'星空葡萄','星空葡萄.jpg','images/F01/星空葡萄.jpg',75,28,'F01',1),
(406,'2021-08-23 00:39:20.025000','2021-08-23 00:39:20.025000','L',29,'F01',569,'阿薩姆奶茶','阿薩姆奶茶.jpg','images/F01/阿薩姆奶茶.jpg',35,29,'F01',1),
(407,'2021-08-23 00:39:20.101000','2021-08-23 00:39:20.101000','L',29,'F01',754,'珍珠奶茶','珍珠奶茶.jpg','images/F01/珍珠奶茶.jpg',45,29,'F01',1),
(408,'2021-08-23 00:39:20.164000','2021-08-23 00:39:20.164000','L',29,'F01',748,'西谷米奶茶','西谷米奶茶.jpg','images/F01/西谷米奶茶.jpg',45,29,'F01',1),
(409,'2021-08-23 00:39:20.220000','2021-08-23 00:39:20.220000','L',29,'F01',645,'布丁奶茶','布丁奶茶.jpg','images/F01/布丁奶茶.jpg',45,29,'F01',1),
(410,'2021-08-23 00:39:20.284000','2021-08-23 00:39:20.284000','L',29,'F01',622,'奶茶三兄弟','奶茶三兄弟.jpg','images/F01/奶茶三兄弟.jpg',50,29,'F01',1),
(411,'2021-08-23 00:39:20.349000','2021-08-23 00:39:20.349000','L',30,'F01',251,'英式鮮奶茶','英式鮮奶茶.jpg','images/F01/英式鮮奶茶.jpg',50,30,'F01',1),
(412,'2021-08-23 00:39:20.414000','2021-08-23 00:39:20.414000','L',30,'F01',547,'珍珠鮮奶茶','珍珠鮮奶茶.jpg','images/F01/珍珠鮮奶茶.jpg',70,30,'F01',1),
(413,'2021-08-23 00:39:20.480000','2021-08-23 00:39:20.480000','L',30,'F01',447,'芋頭牛奶','芋頭牛奶.jpg','images/F01/芋頭牛奶.jpg',60,30,'F01',1),
(414,'2021-08-23 00:39:20.548000','2021-08-23 00:39:20.548000','L',30,'F01',455,'黑糖珍珠鮮奶','黑糖珍珠鮮奶.jpg','images/F01/黑糖珍珠鮮奶.jpg',75,30,'F01',1),
(415,'2021-08-23 00:39:20.612000','2021-08-23 00:39:20.612000','M',31,'F01',17,'美式咖啡','美式咖啡.jpg','images/F01/美式咖啡.jpg',50,31,'F01',1),
(416,'2021-08-23 00:39:20.678000','2021-08-23 00:39:20.678000','M',31,'F01',185,'拿鐵咖啡','拿鐵咖啡.jpg','images/F01/拿鐵咖啡.jpg',60,31,'F01',1),
(417,'2021-08-23 00:39:20.734000','2021-08-23 00:39:20.734000','M',31,'F01',337,'珍珠拿鐵咖啡','珍珠拿鐵咖啡.jpg','images/F01/珍珠拿鐵咖啡.jpg',65,31,'F01',1),
(418,'2021-08-23 00:39:20.798000','2021-08-23 00:39:20.798000','L',32,'G01',129,'鮮萃大麥紅茶','鮮萃大麥紅茶.jpg','images/G01/鮮萃大麥紅茶.jpg',32,32,'G01',1),
(419,'2021-08-23 00:39:20.881000','2021-08-23 00:39:20.881000','L',32,'G01',259,'海神','海神.jpg','images/G01/海神.jpg',40,32,'G01',1),
(420,'2021-08-23 00:39:20.947000','2021-08-23 00:39:20.947000','L',32,'G01',259,'玩火','玩火.jpg','images/G01/玩火.jpg',40,32,'G01',1),
(421,'2021-08-23 00:39:21.012000','2021-08-23 00:39:21.012000','L',32,'G01',129,'碧螺春','碧螺春.jpg','images/G01/碧螺春.jpg',40,32,'G01',1),
(422,'2021-08-23 00:39:21.077000','2021-08-23 00:39:21.077000','L',32,'G01',216,'四季春','四季春.jpg','images/G01/四季春.jpg',40,32,'G01',1),
(423,'2021-08-23 00:39:21.134000','2021-08-23 00:39:21.134000','L',32,'G01',216,'玫瑰普洱','玫瑰普洱.jpg','images/G01/玫瑰普洱.jpg',40,32,'G01',1),
(424,'2021-08-23 00:39:21.202000','2021-08-23 00:39:21.202000','L',32,'G01',259,'烏龍綠茶','烏龍綠茶.jpg','images/G01/烏龍綠茶.jpg',40,32,'G01',1),
(425,'2021-08-23 00:39:21.268000','2021-08-23 00:39:21.268000','L',32,'G01',216,'茉莉烏龍','茉莉烏龍.jpg','images/G01/茉莉烏龍.jpg',40,32,'G01',1),
(426,'2021-08-23 00:39:21.324000','2021-08-23 00:39:21.324000','L',32,'G01',259,'斯里蘭卡屋瓦紅茶','斯里蘭卡屋瓦紅茶.jpg','images/G01/斯里蘭卡屋瓦紅茶.jpg',40,32,'G01',1),
(427,'2021-08-23 00:39:21.385000','2021-08-23 00:39:21.385000','L',32,'G01',216,'金萱茶','金萱茶.jpg','images/G01/金萱茶.jpg',40,32,'G01',1),
(428,'2021-08-23 00:39:21.447000','2021-08-23 00:39:21.447000','L',32,'G01',216,'熟滄觀音','熟滄觀音.jpg','images/G01/熟滄觀音.jpg',40,32,'G01',1),
(429,'2021-08-23 00:39:21.507000','2021-08-23 00:39:21.507000','L',32,'G01',216,'文山包種','文山包種.jpg','images/G01/文山包種.jpg',50,32,'G01',1),
(430,'2021-08-23 00:39:21.569000','2021-08-23 00:39:21.569000','L',32,'G01',216,'東方美人','東方美人.jpg','images/G01/東方美人.jpg',50,32,'G01',1),
(431,'2021-08-23 00:39:21.633000','2021-08-23 00:39:21.633000','L',32,'G01',269,'白桃蜜烏龍','白桃蜜烏龍.jpg','images/G01/白桃蜜烏龍.jpg',50,32,'G01',1),
(432,'2021-08-23 00:39:21.698000','2021-08-23 00:39:21.698000','L',32,'G01',259,'洛神蜜香紅茶','洛神蜜香紅茶.jpg','images/G01/洛神蜜香紅茶.jpg',50,32,'G01',1),
(433,'2021-08-23 00:39:21.763000','2021-08-23 00:39:21.763000','L',32,'G01',168,'桂花四季春','桂花四季春.jpg','images/G01/桂花四季春.jpg',50,32,'G01',1),
(434,'2021-08-23 00:39:21.827000','2021-08-23 00:39:21.827000','L',33,'G01',319,'紅茶拿鐵','紅茶拿鐵.jpg','images/G01/紅茶拿鐵.jpg',60,33,'G01',1),
(435,'2021-08-23 00:39:21.887000','2021-08-23 00:39:21.887000','M',33,'G01',223,'紅茶拿鐵','紅茶拿鐵.jpg','images/G01/紅茶拿鐵.jpg',55,33,'G01',1),
(436,'2021-08-23 00:39:21.962000','2021-08-23 00:39:21.962000','L',33,'G01',319,'烏龍拿鐵','烏龍拿鐵.jpg','images/G01/烏龍拿鐵.jpg',60,33,'G01',1),
(437,'2021-08-23 00:39:22.031000','2021-08-23 00:39:22.031000','L',33,'G01',319,'金萱拿鐵','金萱拿鐵.jpg','images/G01/金萱拿鐵.jpg',60,33,'G01',1),
(438,'2021-08-23 00:39:22.096000','2021-08-23 00:39:22.096000','L',33,'G01',319,'觀音拿鐵','觀音拿鐵.jpg','images/G01/觀音拿鐵.jpg',60,33,'G01',1),
(439,'2021-08-23 00:39:22.161000','2021-08-23 00:39:22.161000','L',34,'G01',4,'特調咖啡','特調咖啡.jpg','images/G01/特調咖啡.jpg',50,34,'G01',1),
(440,'2021-08-23 00:39:22.218000','2021-08-23 00:39:22.218000','M',34,'G01',2,'特調咖啡','特調咖啡.jpg','images/G01/特調咖啡.jpg',45,34,'G01',1),
(441,'2021-08-23 00:39:22.281000','2021-08-23 00:39:22.281000','L',35,'G01',173,'錫蘭紅茶','錫蘭紅茶.jpg','images/G01/錫蘭紅茶.jpg',30,35,'G01',1),
(442,'2021-08-23 00:39:22.346000','2021-08-23 00:39:22.346000','M',35,'G01',121,'錫蘭紅茶','錫蘭紅茶.jpg','images/G01/錫蘭紅茶.jpg',25,35,'G01',1),
(443,'2021-08-23 00:39:22.428000','2021-08-23 00:39:22.428000','L',35,'G01',259,'茉莉綠茶','茉莉綠茶.jpg','images/G01/茉莉綠茶.jpg',30,35,'G01',1),
(444,'2021-08-23 00:39:22.494000','2021-08-23 00:39:22.494000','M',35,'G01',181,'茉莉綠茶','茉莉綠茶.jpg','images/G01/茉莉綠茶.jpg',25,35,'G01',1),
(445,'2021-08-23 00:39:22.554000','2021-08-23 00:39:22.554000','L',35,'G01',216,'蜂蜜紅茶','蜂蜜紅茶.jpg','images/G01/蜂蜜紅茶.jpg',45,35,'G01',1),
(446,'2021-08-23 00:39:22.613000','2021-08-23 00:39:22.613000','M',35,'G01',151,'蜂蜜紅茶','蜂蜜紅茶.jpg','images/G01/蜂蜜紅茶.jpg',40,35,'G01',1),
(447,'2021-08-23 00:39:22.678000','2021-08-23 00:39:22.678000','L',35,'G01',216,'蜂蜜綠茶','蜂蜜綠茶.jpg','images/G01/蜂蜜綠茶.jpg',45,35,'G01',1),
(448,'2021-08-23 00:39:22.744000','2021-08-23 00:39:22.744000','M',35,'G01',151,'蜂蜜綠茶','蜂蜜綠茶.jpg','images/G01/蜂蜜綠茶.jpg',40,35,'G01',1),
(449,'2021-08-23 00:39:22.806000','2021-08-23 00:39:22.806000','L',35,'G01',335,'玉荷冰綠','玉荷冰綠.jpg','images/G01/玉荷冰綠.jpg',45,35,'G01',1),
(450,'2021-08-23 00:39:22.875000','2021-08-23 00:39:22.875000','L',35,'G01',451,'檸檬冰茶','檸檬冰茶.jpg','images/G01/檸檬冰茶.jpg',50,35,'G01',1),
(451,'2021-08-23 00:39:22.943000','2021-08-23 00:39:22.943000','M',35,'G01',315,'檸檬冰茶','檸檬冰茶.jpg','images/G01/檸檬冰茶.jpg',45,35,'G01',1),
(452,'2021-08-23 00:39:23.009000','2021-08-23 00:39:23.009000','L',35,'G01',223,'梅果茶','梅果茶.jpg','images/G01/梅果茶.jpg',50,35,'G01',1),
(453,'2021-08-23 00:39:23.067000','2021-08-23 00:39:23.067000','M',35,'G01',156,'梅果茶','梅果茶.jpg','images/G01/梅果茶.jpg',45,35,'G01',1),
(454,'2021-08-23 00:39:23.132000','2021-08-23 00:39:23.132000','L',35,'G01',360,'養樂多綠茶','養樂多綠茶.jpg','images/G01/養樂多綠茶.jpg',50,35,'G01',1),
(455,'2021-08-23 00:39:23.200000','2021-08-23 00:39:23.200000','M',35,'G01',252,'養樂多綠茶','養樂多綠茶.jpg','images/G01/養樂多綠茶.jpg',45,35,'G01',1),
(456,'2021-08-23 00:39:23.276000','2021-08-23 00:39:23.276000','L',35,'G01',498,'百香搖果樂','百香搖果樂.jpg','images/G01/百香搖果樂.jpg',50,35,'G01',1),
(457,'2021-08-23 00:39:23.346000','2021-08-23 00:39:23.346000','M',35,'G01',381,'百香搖果樂','百香搖果樂.jpg','images/G01/百香搖果樂.jpg',45,35,'G01',1),
(458,'2021-08-23 00:39:23.405000','2021-08-23 00:39:23.405000','L',35,'G01',366,'蘋果冰茶','蘋果冰茶.jpg','images/G01/蘋果冰茶.jpg',50,35,'G01',1),
(459,'2021-08-23 00:39:23.471000','2021-08-23 00:39:23.471000','M',35,'G01',300,'蘋果冰茶','蘋果冰茶.jpg','images/G01/蘋果冰茶.jpg',45,35,'G01',1),
(460,'2021-08-23 00:39:23.544000','2021-08-23 00:39:23.544000','L',35,'G01',513,'鳳梨冰茶','鳳梨冰茶.jpg','images/G01/鳳梨冰茶.jpg',60,35,'G01',1),
(461,'2021-08-23 00:39:23.613000','2021-08-23 00:39:23.613000','L',35,'G01',485,'芭樂檸檬綠','芭樂檸檬綠.jpg','images/G01/芭樂檸檬綠.jpg',65,35,'G01',1),
(462,'2021-08-23 00:39:23.686000','2021-08-23 00:39:23.686000','L',36,'G01',216,'超桔霸氣飲','超桔霸氣飲.jpg','images/G01/超桔霸氣飲.jpg',45,36,'G01',1),
(463,'2021-08-23 00:39:23.764000','2021-08-23 00:39:23.764000','L',36,'G01',300,'蜂蜜蘆薈','蜂蜜蘆薈.jpg','images/G01/蜂蜜蘆薈.jpg',45,36,'G01',1),
(464,'2021-08-23 00:39:23.836000','2021-08-23 00:39:23.836000','M',36,'G01',227,'蜂蜜蘆薈','蜂蜜蘆薈.jpg','images/G01/蜂蜜蘆薈.jpg',40,36,'G01',1),
(465,'2021-08-23 00:39:23.925000','2021-08-23 00:39:23.925000','L',36,'G01',459,'金桔檸檬','金桔檸檬.jpg','images/G01/金桔檸檬.jpg',50,36,'G01',1),
(466,'2021-08-23 00:39:23.994000','2021-08-23 00:39:23.994000','M',36,'G01',367,'金桔檸檬','金桔檸檬.jpg','images/G01/金桔檸檬.jpg',45,36,'G01',1),
(467,'2021-08-23 00:39:24.066000','2021-08-23 00:39:24.066000','L',36,'G01',390,'荔枝玉露','荔枝玉露.jpg','images/G01/荔枝玉露.jpg',50,36,'G01',1),
(468,'2021-08-23 00:39:24.128000','2021-08-23 00:39:24.128000','M',36,'G01',279,'荔枝玉露','荔枝玉露.jpg','images/G01/荔枝玉露.jpg',45,36,'G01',1),
(469,'2021-08-23 00:39:24.196000','2021-08-23 00:39:24.196000','L',36,'G01',273,'纖美小紫蘇','纖美小紫蘇.jpg','images/G01/纖美小紫蘇.jpg',60,36,'G01',1),
(470,'2021-08-23 00:39:24.262000','2021-08-23 00:39:24.262000','L',36,'G01',444,'芭樂多多','芭樂多多.jpg','images/G01/芭樂多多.jpg',85,36,'G01',1),
(471,'2021-08-23 00:39:24.324000','2021-08-23 00:39:24.324000','M',36,'G01',311,'芭樂多多','芭樂多多.jpg','images/G01/芭樂多多.jpg',65,36,'G01',1),
(472,'2021-08-23 00:39:24.393000','2021-08-23 00:39:24.393000','L',37,'G01',352,'檸檬愛玉','檸檬愛玉.jpg','images/G01/檸檬愛玉.jpg',50,37,'G01',1),
(473,'2021-08-23 00:39:24.464000','2021-08-23 00:39:24.464000','L',37,'G01',363,'百香果冰沙','百香果冰沙.jpg','images/G01/百香果冰沙.jpg',50,37,'G01',1),
(474,'2021-08-23 00:39:24.533000','2021-08-23 00:39:24.533000','L',37,'G01',544,'七巧歐蕾','七巧歐蕾.jpg','images/G01/七巧歐蕾.jpg',60,37,'G01',1),
(475,'2021-08-23 00:39:24.601000','2021-08-23 00:39:24.601000','L',37,'G01',352,'金芒果優酪','金芒果優酪.jpg','images/G01/金芒果優酪.jpg',60,37,'G01',1),
(476,'2021-08-23 00:39:24.670000','2021-08-23 00:39:24.670000','L',37,'G01',282,'葡萄柚綠茶','葡萄柚綠茶.jpg','images/G01/葡萄柚綠茶.jpg',60,37,'G01',1),
(477,'2021-08-23 00:39:24.743000','2021-08-23 00:39:24.743000','L',37,'G01',352,'青檸香柚QQ','青檸香柚QQ.jpg','images/G01/青檸香柚QQ.jpg',70,37,'G01',1),
(478,'2021-08-23 00:39:24.812000','2021-08-23 00:39:24.812000','L',38,'G01',693,'新絕代雙Q奶茶','新絕代雙Q奶茶.jpg','images/G01/新絕代雙Q奶茶.jpg',55,38,'G01',1),
(479,'2021-08-23 00:39:24.879000','2021-08-23 00:39:24.879000','M',38,'G01',496,'新絕代雙Q奶茶','新絕代雙Q奶茶.jpg','images/G01/新絕代雙Q奶茶.jpg',50,38,'G01',1),
(480,'2021-08-23 00:39:24.940000','2021-08-23 00:39:24.940000','L',38,'G01',693,'絕代雙Q奶茶','絕代雙Q奶茶.jpg','images/G01/絕代雙Q奶茶.jpg',55,38,'G01',1),
(481,'2021-08-23 00:39:25.011000','2021-08-23 00:39:25.011000','M',38,'G01',496,'絕代雙Q奶茶','絕代雙Q奶茶.jpg','images/G01/絕代雙Q奶茶.jpg',50,38,'G01',1),
(482,'2021-08-23 00:39:25.080000','2021-08-23 00:39:25.080000','L',38,'G01',552,'招牌奶茶','招牌奶茶.jpg','images/G01/招牌奶茶.jpg',45,38,'G01',1),
(483,'2021-08-23 00:39:25.145000','2021-08-23 00:39:25.145000','M',38,'G01',453,'招牌奶茶','招牌奶茶.jpg','images/G01/招牌奶茶.jpg',40,38,'G01',1),
(484,'2021-08-23 00:39:25.217000','2021-08-23 00:39:25.217000','L',38,'G01',552,'黃金奶綠','黃金奶綠.jpg','images/G01/黃金奶綠.jpg',45,38,'G01',1),
(485,'2021-08-23 00:39:25.289000','2021-08-23 00:39:25.289000','M',38,'G01',453,'黃金奶綠','黃金奶綠.jpg','images/G01/黃金奶綠.jpg',40,38,'G01',1),
(486,'2021-08-23 00:39:25.351000','2021-08-23 00:39:25.351000','L',38,'G01',686,'珍珠奶茶','珍珠奶茶.jpg','images/G01/珍珠奶茶.jpg',50,38,'G01',1),
(487,'2021-08-23 00:39:25.441000','2021-08-23 00:39:25.441000','M',38,'G01',491,'珍珠奶茶','珍珠奶茶.jpg','images/G01/珍珠奶茶.jpg',45,38,'G01',1),
(488,'2021-08-23 00:39:25.503000','2021-08-23 00:39:25.503000','L',38,'G01',552,'鮮萃大麥奶茶','鮮萃大麥奶茶.jpg','images/G01/鮮萃大麥奶茶.jpg',50,38,'G01',1),
(489,'2021-08-23 00:39:25.571000','2021-08-23 00:39:25.571000','L',38,'G01',552,'海神奶茶','海神奶茶.jpg','images/G01/海神奶茶.jpg',55,38,'G01',1),
(490,'2021-08-23 00:39:25.633000','2021-08-23 00:39:25.633000','L',38,'G01',552,'玩火奶茶','玩火奶茶.jpg','images/G01/玩火奶茶.jpg',55,38,'G01',1),
(491,'2021-08-23 00:39:25.703000','2021-08-23 00:39:25.703000','L',38,'G01',552,'玫瑰普洱奶茶','玫瑰普洱奶茶.jpg','images/G01/玫瑰普洱奶茶.jpg',55,38,'G01',1),
(492,'2021-08-23 00:39:25.777000','2021-08-23 00:39:25.777000','L',38,'G01',699,'粉條奶茶','粉條奶茶.jpg','images/G01/粉條奶茶.jpg',55,38,'G01',1),
(493,'2021-08-23 00:39:25.850000','2021-08-23 00:39:25.850000','M',38,'G01',501,'粉條奶茶','粉條奶茶.jpg','images/G01/粉條奶茶.jpg',50,38,'G01',1),
(494,'2021-08-23 00:39:25.917000','2021-08-23 00:39:25.917000','L',38,'G01',468,'仙草凍奶茶','仙草凍奶茶.jpg','images/G01/仙草凍奶茶.jpg',60,38,'G01',1),
(495,'2021-08-23 00:39:26.006000','2021-08-23 00:39:26.006000','L',38,'G01',468,'仙草凍鮮奶茶','仙草凍鮮奶茶.jpg','images/G01/仙草凍鮮奶茶.jpg',75,38,'G01',1),
(496,'2021-08-23 00:39:26.085000','2021-08-23 00:39:26.085000','L',38,'G01',499,'桂花奶綠','桂花奶綠.jpg','images/G01/桂花奶綠.jpg',60,38,'G01',1),
(497,'2021-08-23 00:39:26.152000','2021-08-23 00:39:26.152000','M',38,'G01',349,'桂花奶綠','桂花奶綠.jpg','images/G01/桂花奶綠.jpg',55,38,'G01',1),
(498,'2021-08-23 00:39:26.227000','2021-08-23 00:39:26.227000','L',38,'G01',337,'港式厚奶','港式厚奶.jpg','images/G01/港式厚奶.jpg',65,38,'G01',1),
(499,'2021-08-23 00:39:26.301000','2021-08-23 00:39:26.301000','L',38,'G01',337,'觀音厚奶','觀音厚奶.jpg','images/G01/觀音厚奶.jpg',65,38,'G01',1),
(500,'2021-08-23 00:39:26.375000','2021-08-23 00:39:26.375000','L',38,'G01',621,'經典可可','經典可可.jpg','images/G01/經典可可.jpg',50,38,'G01',1),
(501,'2021-08-23 00:39:26.451000','2021-08-23 00:39:26.451000','M',38,'G01',506,'經典可可','經典可可.jpg','images/G01/經典可可.jpg',45,38,'G01',1),
(502,'2021-08-23 00:39:26.526000','2021-08-23 00:39:26.526000','L',38,'G01',621,'經典鮮奶可可','經典鮮奶可可.jpg','images/G01/經典鮮奶可可.jpg',65,38,'G01',1),
(503,'2021-08-23 00:39:26.600000','2021-08-23 00:39:26.600000','M',38,'G01',506,'經典鮮奶可可','經典鮮奶可可.jpg','images/G01/經典鮮奶可可.jpg',60,38,'G01',1),
(504,'2021-08-23 00:39:26.674000','2021-08-23 00:39:26.674000','L',38,'G01',507,'宇治抹茶','宇治抹茶.jpg','images/G01/宇治抹茶.jpg',60,38,'G01',1),
(505,'2021-08-23 00:39:26.748000','2021-08-23 00:39:26.748000','L',38,'G01',519,'抹茶拿鐵','抹茶拿鐵.jpg','images/G01/抹茶拿鐵.jpg',80,38,'G01',1),
(506,'2021-08-23 00:39:26.819000','2021-08-23 00:39:26.819000','M',38,'G01',363,'抹茶拿鐵','抹茶拿鐵.jpg','images/G01/抹茶拿鐵.jpg',60,38,'G01',1),
(507,'2021-08-23 00:39:26.897000','2021-08-23 00:39:26.897000','L',39,'G01',220,'桂圓紅棗','桂圓紅棗.jpg','images/G01/桂圓紅棗.jpg',45,39,'G01',1),
(508,'2021-08-23 00:39:26.990000','2021-08-23 00:39:26.990000','L',39,'G01',192,'暖薑茶','暖薑茶.jpg','images/G01/暖薑茶.jpg',45,39,'G01',1),
(509,'2021-08-23 00:39:27.056000','2021-08-23 00:39:27.056000','L',39,'G01',413,'暖薑奶茶','暖薑奶茶.jpg','images/G01/暖薑奶茶.jpg',55,39,'G01',1),
(510,'2021-08-23 00:39:27.131000','2021-08-23 00:39:27.131000','L',39,'G01',413,'暖薑鮮奶茶','暖薑鮮奶茶.jpg','images/G01/暖薑鮮奶茶.jpg',70,39,'G01',1),
(511,'2021-08-23 00:39:27.198000','2021-08-23 00:39:27.198000','L',39,'G01',451,'熱檸茶','熱檸茶.jpg','images/G01/熱檸茶.jpg',50,39,'G01',1),
(512,'2021-08-23 00:39:27.275000','2021-08-23 00:39:27.275000','M',39,'G01',363,'熱檸茶','熱檸茶.jpg','images/G01/熱檸茶.jpg',45,39,'G01',1),
(513,'2021-08-23 00:39:27.352000','2021-08-23 00:39:27.352000','L',39,'G01',459,'熱桔茶','熱桔茶.jpg','images/G01/熱桔茶.jpg',50,39,'G01',1),
(514,'2021-08-23 00:39:27.429000','2021-08-23 00:39:27.429000','M',39,'G01',321,'熱桔茶','熱桔茶.jpg','images/G01/熱桔茶.jpg',45,39,'G01',1),
(515,'2021-08-23 00:39:27.504000','2021-08-23 00:39:27.504000','L',39,'G01',557,'紫米奶茶','紫米奶茶.jpg','images/G01/紫米奶茶.jpg',55,39,'G01',1),
(516,'2021-08-23 00:39:27.571000','2021-08-23 00:39:27.571000','M',39,'G01',439,'紫米奶茶','紫米奶茶.jpg','images/G01/紫米奶茶.jpg',50,39,'G01',1),
(517,'2021-08-23 00:39:27.641000','2021-08-23 00:39:27.641000','L',39,'G01',627,'紫米可可','紫米可可.jpg','images/G01/紫米可可.jpg',60,39,'G01',1),
(518,'2021-08-23 00:39:27.708000','2021-08-23 00:39:27.708000','M',39,'G01',491,'紫米可可','紫米可可.jpg','images/G01/紫米可可.jpg',55,39,'G01',1),
(519,'2021-08-23 00:39:27.776000','2021-08-23 00:39:27.776000','L',39,'G01',722,'黑糖薑汁可可','黑糖薑汁可可.jpg','images/G01/黑糖薑汁可可.jpg',60,39,'G01',1);

/*Table structure for table `sugar_level` */

DROP TABLE IF EXISTS `sugar_level`;

CREATE TABLE `sugar_level` (
  `sugar_id` int NOT NULL AUTO_INCREMENT,
  `factor` decimal(19,2) DEFAULT NULL,
  `sugar_level` varchar(255) DEFAULT NULL,
  PRIMARY KEY (`sugar_id`)
) ENGINE=InnoDB AUTO_INCREMENT=21 DEFAULT CHARSET=utf8;

/*Data for the table `sugar_level` */

insert  into `sugar_level`(`sugar_id`,`factor`,`sugar_level`) values 
(1,0.30,'無糖'),
(2,0.50,'微糖'),
(3,0.70,'半糖'),
(4,0.90,'少糖'),
(5,1.00,'全糖');

/*Table structure for table `sugar_limit` */

DROP TABLE IF EXISTS `sugar_limit`;

CREATE TABLE `sugar_limit` (
  `sl_sql` int NOT NULL AUTO_INCREMENT,
  `product_id` int DEFAULT NULL,
  `sugar_id` int DEFAULT NULL,
  `FK_DrinkBean_product_id` int DEFAULT NULL,
  `FK_SugarLevelBean_sugar_id` int DEFAULT NULL,
  `enabled` tinyint(1) DEFAULT '1',
  PRIMARY KEY (`sl_sql`),
  KEY `FK1tmtwxf15wjnvy64itpfd8ydx` (`FK_DrinkBean_product_id`),
  KEY `FKjbbuafcv7r609uk9smsduvig5` (`FK_SugarLevelBean_sugar_id`),
  CONSTRAINT `FK1tmtwxf15wjnvy64itpfd8ydx` FOREIGN KEY (`FK_DrinkBean_product_id`) REFERENCES `product` (`product_id`),
  CONSTRAINT `FKjbbuafcv7r609uk9smsduvig5` FOREIGN KEY (`FK_SugarLevelBean_sugar_id`) REFERENCES `sugar_level` (`sugar_id`)
) ENGINE=InnoDB AUTO_INCREMENT=2172 DEFAULT CHARSET=utf8;

/*Data for the table `sugar_limit` */

insert  into `sugar_limit`(`sl_sql`,`product_id`,`sugar_id`,`FK_DrinkBean_product_id`,`FK_SugarLevelBean_sugar_id`,`enabled`) values 
(1,1,1,1,1,1),
(2,1,2,1,2,1),
(3,1,3,1,3,1),
(4,1,4,1,4,1),
(5,1,5,1,5,1),
(6,2,1,2,1,1),
(7,2,2,2,2,1),
(8,2,3,2,3,1),
(9,2,4,2,4,1),
(10,2,5,2,5,1),
(11,3,1,3,1,1),
(12,3,2,3,2,1),
(13,3,3,3,3,1),
(14,3,4,3,4,1),
(15,3,5,3,5,1),
(16,4,1,4,1,1),
(17,4,2,4,2,1),
(18,4,3,4,3,1),
(19,4,4,4,4,1),
(20,4,5,4,5,1),
(21,5,1,5,1,1),
(22,5,2,5,2,1),
(23,5,3,5,3,1),
(24,5,4,5,4,1),
(25,5,5,5,5,1),
(26,6,1,6,1,1),
(27,6,2,6,2,1),
(28,6,3,6,3,1),
(29,6,4,6,4,1),
(30,6,5,6,5,1),
(31,7,1,7,1,1),
(32,7,2,7,2,1),
(33,7,3,7,3,1),
(34,7,4,7,4,1),
(35,7,5,7,5,1),
(36,8,1,8,1,1),
(37,8,2,8,2,1),
(38,8,3,8,3,1),
(39,8,4,8,4,1),
(40,8,5,8,5,1),
(41,9,1,9,1,1),
(42,9,2,9,2,1),
(43,9,3,9,3,1),
(44,9,4,9,4,1),
(45,9,5,9,5,1),
(46,10,1,10,1,1),
(47,10,2,10,2,1),
(48,10,3,10,3,1),
(49,10,4,10,4,1),
(50,10,5,10,5,1),
(51,11,1,11,1,1),
(52,11,2,11,2,1),
(53,11,3,11,3,1),
(54,11,4,11,4,1),
(55,11,5,11,5,1),
(56,12,1,12,1,1),
(57,12,2,12,2,1),
(58,12,3,12,3,1),
(59,12,4,12,4,1),
(60,12,5,12,5,1),
(61,13,1,13,1,1),
(62,13,2,13,2,1),
(63,13,3,13,3,1),
(64,13,4,13,4,1),
(65,13,5,13,5,1),
(66,14,1,14,1,1),
(67,14,2,14,2,1),
(68,14,3,14,3,1),
(69,14,4,14,4,1),
(70,14,5,14,5,1),
(71,15,1,15,1,1),
(72,15,2,15,2,1),
(73,15,3,15,3,1),
(74,15,4,15,4,1),
(75,15,5,15,5,1),
(76,16,1,16,1,1),
(77,16,2,16,2,1),
(78,16,3,16,3,1),
(79,16,4,16,4,1),
(80,16,5,16,5,1),
(81,17,1,17,1,1),
(82,17,2,17,2,1),
(83,17,3,17,3,1),
(84,17,4,17,4,1),
(85,17,5,17,5,1),
(86,18,1,18,1,1),
(87,18,2,18,2,1),
(88,18,3,18,3,1),
(89,18,4,18,4,1),
(90,18,5,18,5,1),
(91,19,1,19,1,1),
(92,19,2,19,2,1),
(93,19,3,19,3,1),
(94,19,4,19,4,1),
(95,19,5,19,5,1),
(96,20,1,20,1,1),
(97,20,2,20,2,1),
(98,20,3,20,3,1),
(99,20,4,20,4,1),
(100,20,5,20,5,1),
(101,21,1,21,1,1),
(102,21,2,21,2,1),
(103,21,3,21,3,1),
(104,21,4,21,4,1),
(105,21,5,21,5,1),
(106,22,1,22,1,1),
(107,22,2,22,2,1),
(108,22,3,22,3,1),
(109,22,4,22,4,1),
(110,22,5,22,5,1),
(111,23,1,23,1,1),
(112,23,2,23,2,1),
(113,23,3,23,3,1),
(114,23,4,23,4,1),
(115,23,5,23,5,1),
(116,24,1,24,1,1),
(117,24,2,24,2,1),
(118,24,3,24,3,1),
(119,24,4,24,4,1),
(120,24,5,24,5,1),
(121,25,1,25,1,1),
(122,25,2,25,2,1),
(123,25,3,25,3,1),
(124,25,4,25,4,1),
(125,25,5,25,5,1),
(126,26,1,26,1,1),
(127,26,2,26,2,1),
(128,26,3,26,3,1),
(129,26,4,26,4,1),
(130,26,5,26,5,1),
(131,27,1,27,1,1),
(132,27,2,27,2,1),
(133,27,3,27,3,1),
(134,27,4,27,4,1),
(135,27,5,27,5,1),
(136,28,1,28,1,1),
(137,28,2,28,2,1),
(138,28,3,28,3,1),
(139,28,4,28,4,1),
(140,28,5,28,5,1),
(141,29,1,29,1,1),
(142,29,2,29,2,1),
(143,29,3,29,3,1),
(144,29,4,29,4,1),
(145,29,5,29,5,1),
(146,30,1,30,1,1),
(147,30,2,30,2,1),
(148,30,3,30,3,1),
(149,30,4,30,4,1),
(150,30,5,30,5,1),
(151,31,1,31,1,1),
(152,31,2,31,2,1),
(153,31,3,31,3,1),
(154,31,4,31,4,1),
(155,31,5,31,5,1),
(156,32,1,32,1,1),
(157,32,2,32,2,1),
(158,32,3,32,3,1),
(159,32,4,32,4,1),
(160,32,5,32,5,1),
(161,33,1,33,1,1),
(162,33,2,33,2,1),
(163,33,3,33,3,1),
(164,33,4,33,4,1),
(165,33,5,33,5,1),
(166,34,1,34,1,1),
(167,34,2,34,2,1),
(168,34,3,34,3,1),
(169,34,4,34,4,1),
(170,34,5,34,5,1),
(171,35,1,35,1,1),
(172,35,2,35,2,1),
(173,35,3,35,3,1),
(174,35,4,35,4,1),
(175,35,5,35,5,1),
(176,36,1,36,1,1),
(177,36,2,36,2,1),
(178,36,3,36,3,1),
(179,36,4,36,4,1),
(180,36,5,36,5,1),
(181,37,1,37,1,1),
(182,37,2,37,2,1),
(183,37,3,37,3,1),
(184,37,4,37,4,1),
(185,37,5,37,5,1),
(186,38,1,38,1,1),
(187,38,2,38,2,1),
(188,38,3,38,3,1),
(189,38,4,38,4,1),
(190,38,5,38,5,1),
(191,39,1,39,1,1),
(192,39,2,39,2,1),
(193,39,3,39,3,1),
(194,39,4,39,4,1),
(195,39,5,39,5,1),
(196,40,1,40,1,1),
(197,40,2,40,2,1),
(198,40,3,40,3,1),
(199,40,4,40,4,1),
(200,40,5,40,5,1),
(201,41,1,41,1,1),
(202,41,2,41,2,1),
(203,41,3,41,3,1),
(204,41,4,41,4,1),
(205,41,5,41,5,1),
(206,42,1,42,1,1),
(207,42,2,42,2,1),
(208,42,3,42,3,1),
(209,42,4,42,4,1),
(210,42,5,42,5,1),
(211,43,1,43,1,1),
(212,43,2,43,2,1),
(213,43,3,43,3,1),
(214,43,4,43,4,1),
(215,43,5,43,5,1),
(216,44,1,44,1,1),
(217,44,2,44,2,1),
(218,44,3,44,3,1),
(219,44,4,44,4,1),
(220,44,5,44,5,1),
(221,45,1,45,1,1),
(222,45,2,45,2,1),
(223,45,3,45,3,1),
(224,45,4,45,4,1),
(225,45,5,45,5,1),
(226,46,1,46,1,1),
(227,46,2,46,2,1),
(228,46,3,46,3,1),
(229,46,4,46,4,1),
(230,46,5,46,5,1),
(231,47,1,47,1,1),
(232,47,2,47,2,1),
(233,47,3,47,3,1),
(234,47,4,47,4,1),
(235,47,5,47,5,1),
(236,48,1,48,1,1),
(237,48,2,48,2,1),
(238,48,3,48,3,1),
(239,48,4,48,4,1),
(240,48,5,48,5,1),
(241,49,1,49,1,1),
(242,49,2,49,2,1),
(243,49,3,49,3,1),
(244,49,4,49,4,1),
(245,49,5,49,5,1),
(246,50,1,50,1,1),
(247,50,2,50,2,1),
(248,50,3,50,3,1),
(249,50,4,50,4,1),
(250,50,5,50,5,1),
(251,51,1,51,1,1),
(252,51,2,51,2,1),
(253,51,3,51,3,1),
(254,51,4,51,4,1),
(255,51,5,51,5,1),
(256,52,1,52,1,1),
(257,52,2,52,2,1),
(258,52,3,52,3,1),
(259,52,4,52,4,1),
(260,52,5,52,5,1),
(261,53,1,53,1,1),
(262,53,2,53,2,1),
(263,53,3,53,3,1),
(264,53,4,53,4,1),
(265,53,5,53,5,1),
(266,54,1,54,1,1),
(267,54,2,54,2,1),
(268,54,3,54,3,1),
(269,54,4,54,4,1),
(270,54,5,54,5,1),
(271,55,1,55,1,1),
(272,55,2,55,2,1),
(273,55,3,55,3,1),
(274,55,4,55,4,1),
(275,55,5,55,5,1),
(276,56,1,56,1,1),
(277,56,2,56,2,1),
(278,56,3,56,3,1),
(279,56,4,56,4,1),
(280,56,5,56,5,1),
(281,57,1,57,1,1),
(282,57,2,57,2,1),
(283,57,3,57,3,1),
(284,57,4,57,4,1),
(285,57,5,57,5,1),
(286,58,1,58,1,1),
(287,58,2,58,2,1),
(288,58,3,58,3,1),
(289,58,4,58,4,1),
(290,58,5,58,5,1),
(291,59,1,59,1,1),
(292,59,2,59,2,1),
(293,59,3,59,3,1),
(294,59,4,59,4,1),
(295,59,5,59,5,1),
(296,60,1,60,1,1),
(297,60,2,60,2,1),
(298,60,3,60,3,1),
(299,60,4,60,4,1),
(300,60,5,60,5,1),
(301,61,1,61,1,1),
(302,61,2,61,2,1),
(303,61,3,61,3,1),
(304,61,4,61,4,1),
(305,61,5,61,5,1),
(306,62,1,62,1,1),
(307,62,2,62,2,1),
(308,62,3,62,3,1),
(309,62,4,62,4,1),
(310,62,5,62,5,1),
(311,63,1,63,1,1),
(312,63,2,63,2,1),
(313,63,3,63,3,1),
(314,63,4,63,4,1),
(315,63,5,63,5,1),
(316,64,1,64,1,1),
(317,64,2,64,2,1),
(318,64,3,64,3,1),
(319,64,4,64,4,1),
(320,64,5,64,5,1),
(321,65,1,65,1,1),
(322,65,2,65,2,1),
(323,65,3,65,3,1),
(324,65,4,65,4,1),
(325,65,5,65,5,1),
(326,66,1,66,1,1),
(327,66,2,66,2,1),
(328,66,3,66,3,1),
(329,66,4,66,4,1),
(330,66,5,66,5,1),
(331,67,1,67,1,1),
(332,67,2,67,2,1),
(333,67,3,67,3,1),
(334,67,4,67,4,1),
(335,67,5,67,5,1),
(336,68,1,68,1,1),
(337,68,2,68,2,1),
(338,68,3,68,3,1),
(339,68,4,68,4,1),
(340,68,5,68,5,1),
(341,69,1,69,1,1),
(342,69,2,69,2,1),
(343,69,3,69,3,1),
(344,69,4,69,4,1),
(345,69,5,69,5,1),
(346,70,1,70,1,1),
(347,70,2,70,2,1),
(348,70,3,70,3,1),
(349,70,4,70,4,1),
(350,70,5,70,5,1),
(351,71,1,71,1,1),
(352,71,2,71,2,1),
(353,71,3,71,3,1),
(354,71,4,71,4,1),
(355,71,5,71,5,1),
(356,72,1,72,1,1),
(357,72,2,72,2,1),
(358,72,3,72,3,1),
(359,72,4,72,4,1),
(360,72,5,72,5,1),
(361,73,1,73,1,1),
(362,73,2,73,2,1),
(363,73,3,73,3,1),
(364,73,4,73,4,1),
(365,73,5,73,5,1),
(366,74,1,74,1,1),
(367,74,2,74,2,1),
(368,74,3,74,3,1),
(369,74,4,74,4,1),
(370,74,5,74,5,1),
(371,75,1,75,1,1),
(372,75,2,75,2,1),
(373,75,3,75,3,1),
(374,75,4,75,4,1),
(375,75,5,75,5,1),
(376,76,1,76,1,1),
(377,76,2,76,2,1),
(378,76,3,76,3,1),
(379,76,4,76,4,1),
(380,76,5,76,5,1),
(381,77,1,77,1,1),
(382,77,2,77,2,1),
(383,77,3,77,3,1),
(384,77,4,77,4,1),
(385,77,5,77,5,1),
(386,78,1,78,1,1),
(387,78,2,78,2,1),
(388,78,3,78,3,1),
(389,78,4,78,4,1),
(390,78,5,78,5,1),
(391,79,1,79,1,1),
(392,79,2,79,2,1),
(393,79,3,79,3,1),
(394,79,4,79,4,1),
(395,79,5,79,5,1),
(396,80,1,80,1,1),
(397,80,2,80,2,1),
(398,80,3,80,3,1),
(399,80,4,80,4,1),
(400,80,5,80,5,1),
(401,81,1,81,1,1),
(402,81,2,81,2,1),
(403,81,3,81,3,1),
(404,81,4,81,4,1),
(405,81,5,81,5,1),
(406,82,1,82,1,1),
(407,82,2,82,2,1),
(408,82,3,82,3,1),
(409,82,4,82,4,1),
(410,82,5,82,5,1),
(411,83,1,83,1,1),
(412,83,2,83,2,1),
(413,83,3,83,3,1),
(414,83,4,83,4,1),
(415,83,5,83,5,1),
(416,84,1,84,1,1),
(417,84,2,84,2,1),
(418,84,3,84,3,1),
(419,84,4,84,4,1),
(420,84,5,84,5,1),
(421,85,1,85,1,1),
(422,85,2,85,2,1),
(423,85,3,85,3,1),
(424,85,4,85,4,1),
(425,85,5,85,5,1),
(426,86,1,86,1,1),
(427,86,2,86,2,1),
(428,86,3,86,3,1),
(429,86,4,86,4,1),
(430,86,5,86,5,1),
(431,87,1,87,1,1),
(432,87,2,87,2,1),
(433,87,3,87,3,1),
(434,87,4,87,4,1),
(435,87,5,87,5,1),
(436,88,1,88,1,1),
(437,88,2,88,2,1),
(438,88,3,88,3,1),
(439,88,4,88,4,1),
(440,88,5,88,5,1),
(441,89,1,89,1,1),
(442,89,2,89,2,1),
(443,89,3,89,3,1),
(444,89,4,89,4,1),
(445,89,5,89,5,1),
(446,90,1,90,1,1),
(447,90,2,90,2,1),
(448,90,3,90,3,1),
(449,90,4,90,4,1),
(450,90,5,90,5,1),
(451,91,1,91,1,1),
(452,91,2,91,2,1),
(453,91,3,91,3,1),
(454,91,4,91,4,1),
(455,91,5,91,5,1),
(456,92,1,92,1,1),
(457,92,2,92,2,1),
(458,92,3,92,3,1),
(459,92,4,92,4,1),
(460,92,5,92,5,1),
(461,93,1,93,1,1),
(462,93,2,93,2,1),
(463,93,3,93,3,1),
(464,93,4,93,4,1),
(465,93,5,93,5,1),
(466,94,1,94,1,1),
(467,94,2,94,2,1),
(468,94,3,94,3,1),
(469,94,4,94,4,1),
(470,94,5,94,5,1),
(471,95,1,95,1,1),
(472,95,2,95,2,1),
(473,95,3,95,3,1),
(474,95,4,95,4,1),
(475,95,5,95,5,1),
(476,96,1,96,1,1),
(477,96,2,96,2,1),
(478,96,3,96,3,1),
(479,96,4,96,4,1),
(480,96,5,96,5,1),
(481,97,1,97,1,1),
(482,97,2,97,2,1),
(483,97,3,97,3,1),
(484,97,4,97,4,1),
(485,97,5,97,5,1),
(486,98,1,98,1,1),
(487,98,2,98,2,1),
(488,98,3,98,3,1),
(489,98,4,98,4,1),
(490,98,5,98,5,1),
(491,99,1,99,1,1),
(492,99,2,99,2,1),
(493,99,3,99,3,1),
(494,99,4,99,4,1),
(495,99,5,99,5,1),
(496,100,1,100,1,1),
(497,100,2,100,2,1),
(498,100,3,100,3,1),
(499,100,4,100,4,1),
(500,100,5,100,5,1),
(501,101,1,101,1,1),
(502,101,2,101,2,1),
(503,101,3,101,3,1),
(504,101,4,101,4,1),
(505,101,5,101,5,1),
(506,102,1,102,1,1),
(507,102,2,102,2,1),
(508,102,3,102,3,1),
(509,102,4,102,4,1),
(510,102,5,102,5,1),
(511,103,1,103,1,1),
(512,103,2,103,2,1),
(513,103,3,103,3,1),
(514,103,4,103,4,1),
(515,103,5,103,5,1),
(516,104,1,104,1,1),
(517,104,2,104,2,1),
(518,104,3,104,3,1),
(519,104,4,104,4,1),
(520,104,5,104,5,1),
(521,105,1,105,1,1),
(522,105,2,105,2,1),
(523,105,3,105,3,1),
(524,105,4,105,4,1),
(525,105,5,105,5,1),
(526,106,1,106,1,1),
(527,106,2,106,2,1),
(528,106,3,106,3,1),
(529,106,4,106,4,1),
(530,106,5,106,5,1),
(531,107,1,107,1,1),
(532,107,2,107,2,1),
(533,107,3,107,3,1),
(534,107,4,107,4,1),
(535,107,5,107,5,1),
(536,108,1,108,1,1),
(537,108,2,108,2,1),
(538,108,3,108,3,1),
(539,108,4,108,4,1),
(540,108,5,108,5,1),
(541,109,1,109,1,1),
(542,109,2,109,2,1),
(543,109,3,109,3,1),
(544,109,4,109,4,1),
(545,109,5,109,5,1),
(546,110,1,110,1,1),
(547,110,2,110,2,1),
(548,110,3,110,3,1),
(549,110,4,110,4,1),
(550,110,5,110,5,1),
(551,111,1,111,1,1),
(552,111,2,111,2,1),
(553,111,3,111,3,1),
(554,111,4,111,4,1),
(555,111,5,111,5,1),
(556,112,1,112,1,1),
(557,112,2,112,2,1),
(558,112,3,112,3,1),
(559,112,4,112,4,1),
(560,112,5,112,5,1),
(561,113,1,113,1,1),
(562,113,2,113,2,1),
(563,113,3,113,3,1),
(564,113,4,113,4,1),
(565,113,5,113,5,1),
(566,114,1,114,1,1),
(567,114,2,114,2,1),
(568,114,3,114,3,1),
(569,114,4,114,4,1),
(570,114,5,114,5,1),
(571,115,1,115,1,1),
(572,115,2,115,2,1),
(573,115,3,115,3,1),
(574,115,4,115,4,1),
(575,115,5,115,5,1),
(576,116,1,116,1,1),
(577,116,2,116,2,1),
(578,116,3,116,3,1),
(579,116,4,116,4,1),
(580,116,5,116,5,1),
(581,117,1,117,1,1),
(582,117,2,117,2,1),
(583,117,3,117,3,1),
(584,117,4,117,4,1),
(585,117,5,117,5,1),
(586,118,1,118,1,1),
(587,118,2,118,2,1),
(588,118,3,118,3,1),
(589,118,4,118,4,1),
(590,118,5,118,5,1),
(591,119,1,119,1,1),
(592,119,2,119,2,1),
(593,119,3,119,3,1),
(594,119,4,119,4,1),
(595,119,5,119,5,1),
(596,120,1,120,1,1),
(597,120,2,120,2,1),
(598,120,3,120,3,1),
(599,120,4,120,4,1),
(600,120,5,120,5,1),
(601,121,1,121,1,1),
(602,121,2,121,2,1),
(603,121,3,121,3,1),
(604,121,4,121,4,1),
(605,121,5,121,5,1),
(606,122,1,122,1,1),
(607,122,2,122,2,1),
(608,122,3,122,3,1),
(609,122,4,122,4,1),
(610,122,5,122,5,1),
(611,123,1,123,1,1),
(612,123,2,123,2,1),
(613,123,3,123,3,1),
(614,123,4,123,4,1),
(615,123,5,123,5,1),
(616,124,1,124,1,1),
(617,124,2,124,2,1),
(618,124,3,124,3,1),
(619,124,4,124,4,1),
(620,124,5,124,5,1),
(621,125,1,125,1,1),
(622,125,2,125,2,1),
(623,125,3,125,3,1),
(624,125,4,125,4,1),
(625,125,5,125,5,1),
(626,126,1,126,1,1),
(627,126,2,126,2,1),
(628,126,3,126,3,1),
(629,126,4,126,4,1),
(630,126,5,126,5,1),
(631,127,1,127,1,1),
(632,127,2,127,2,1),
(633,127,3,127,3,1),
(634,127,4,127,4,1),
(635,127,5,127,5,1),
(636,128,1,128,1,1),
(637,128,2,128,2,1),
(638,128,3,128,3,1),
(639,128,4,128,4,1),
(640,128,5,128,5,1),
(641,129,1,129,1,1),
(642,129,2,129,2,1),
(643,129,3,129,3,1),
(644,129,4,129,4,1),
(645,129,5,129,5,1),
(646,130,1,130,1,1),
(647,130,2,130,2,1),
(648,130,3,130,3,1),
(649,130,4,130,4,1),
(650,130,5,130,5,1),
(651,131,1,131,1,1),
(652,131,2,131,2,1),
(653,131,3,131,3,1),
(654,131,4,131,4,1),
(655,131,5,131,5,1),
(656,132,1,132,1,1),
(657,132,2,132,2,1),
(658,132,3,132,3,1),
(659,132,4,132,4,1),
(660,132,5,132,5,1),
(661,133,1,133,1,1),
(662,133,2,133,2,1),
(663,133,3,133,3,1),
(664,133,4,133,4,1),
(665,133,5,133,5,1),
(666,134,1,134,1,1),
(667,134,2,134,2,1),
(668,134,3,134,3,1),
(669,134,4,134,4,1),
(670,134,5,134,5,1),
(671,135,1,135,1,1),
(672,135,2,135,2,1),
(673,135,3,135,3,1),
(674,135,4,135,4,1),
(675,135,5,135,5,1),
(676,136,1,136,1,1),
(677,136,2,136,2,1),
(678,136,3,136,3,1),
(679,136,4,136,4,1),
(680,136,5,136,5,1),
(681,137,1,137,1,1),
(682,137,2,137,2,1),
(683,137,3,137,3,1),
(684,137,4,137,4,1),
(685,137,5,137,5,1),
(686,138,1,138,1,1),
(687,138,2,138,2,1),
(688,138,3,138,3,1),
(689,138,4,138,4,1),
(690,138,5,138,5,1),
(691,139,5,139,1,1),
(692,140,5,140,1,1),
(693,141,5,141,1,1),
(694,142,5,142,1,1),
(695,143,1,143,1,1),
(696,143,2,143,2,1),
(697,143,3,143,3,1),
(698,143,4,143,4,1),
(699,143,5,143,5,1),
(700,144,1,144,1,1),
(701,144,2,144,2,1),
(702,144,3,144,3,1),
(703,144,4,144,4,1),
(704,144,5,144,5,1),
(705,145,1,145,1,1),
(706,145,2,145,2,1),
(707,145,3,145,3,1),
(708,145,4,145,4,1),
(709,145,5,145,5,1),
(710,146,1,146,1,1),
(711,146,2,146,2,1),
(712,146,3,146,3,1),
(713,146,4,146,4,1),
(714,146,5,146,5,1),
(715,147,2,147,2,1),
(716,147,3,147,3,1),
(717,147,5,147,5,1),
(718,148,2,148,2,1),
(719,148,3,148,3,1),
(720,148,5,148,5,1),
(721,149,1,149,1,1),
(722,149,2,149,2,1),
(723,149,3,149,3,1),
(724,149,4,149,4,1),
(725,149,5,149,5,1),
(726,150,1,150,1,1),
(727,150,2,150,2,1),
(728,150,3,150,3,1),
(729,150,4,150,4,1),
(730,150,5,150,5,1),
(731,151,1,151,1,1),
(732,151,2,151,2,1),
(733,151,3,151,3,1),
(734,151,4,151,4,1),
(735,151,5,151,5,1),
(736,152,1,152,1,1),
(737,152,2,152,2,1),
(738,152,3,152,3,1),
(739,152,4,152,4,1),
(740,152,5,152,5,1),
(741,153,1,153,1,1),
(742,153,2,153,2,1),
(743,153,3,153,3,1),
(744,153,4,153,4,1),
(745,153,5,153,5,1),
(746,154,1,154,1,1),
(747,154,2,154,2,1),
(748,154,3,154,3,1),
(749,154,4,154,4,1),
(750,154,5,154,5,1),
(751,155,1,155,1,1),
(752,155,2,155,2,1),
(753,155,3,155,3,1),
(754,155,4,155,4,1),
(755,155,5,155,5,1),
(756,156,1,156,1,1),
(757,156,2,156,2,1),
(758,156,3,156,3,1),
(759,156,4,156,4,1),
(760,156,5,156,5,1),
(761,157,1,157,1,1),
(762,157,2,157,2,1),
(763,157,3,157,3,1),
(764,157,4,157,4,1),
(765,157,5,157,5,1),
(766,158,1,158,1,1),
(767,158,2,158,2,1),
(768,158,3,158,3,1),
(769,158,4,158,4,1),
(770,158,5,158,5,1),
(771,159,1,159,1,1),
(772,159,2,159,2,1),
(773,159,3,159,3,1),
(774,159,4,159,4,1),
(775,159,5,159,5,1),
(776,160,1,160,1,1),
(777,160,2,160,2,1),
(778,160,3,160,3,1),
(779,160,4,160,4,1),
(780,160,5,160,5,1),
(781,161,2,161,2,1),
(782,161,5,161,5,1),
(783,162,2,162,2,1),
(784,162,5,162,5,1),
(785,163,1,163,1,1),
(786,163,2,163,2,1),
(787,163,3,163,3,1),
(788,163,5,163,5,1),
(789,164,1,164,1,1),
(790,164,2,164,2,1),
(791,164,3,164,3,1),
(792,164,5,164,5,1),
(793,165,1,165,1,1),
(794,165,2,165,2,1),
(795,165,3,165,3,1),
(796,165,5,165,5,1),
(797,166,1,166,1,1),
(798,166,2,166,2,1),
(799,166,3,166,3,1),
(800,166,5,166,5,1),
(801,167,1,167,1,1),
(802,167,2,167,2,1),
(803,167,3,167,3,1),
(804,167,4,167,4,1),
(805,167,5,167,5,1),
(806,168,1,168,1,1),
(807,168,2,168,2,1),
(808,168,3,168,3,1),
(809,168,4,168,4,1),
(810,168,5,168,5,1),
(811,169,1,169,1,1),
(812,169,2,169,2,1),
(813,169,3,169,3,1),
(814,169,4,169,4,1),
(815,169,5,169,5,1),
(816,170,1,170,1,1),
(817,170,2,170,2,1),
(818,170,3,170,3,1),
(819,170,4,170,4,1),
(820,170,5,170,5,1),
(821,171,1,171,1,1),
(822,171,2,171,2,1),
(823,171,3,171,3,1),
(824,171,4,171,4,1),
(825,171,5,171,5,1),
(826,172,1,172,1,1),
(827,172,2,172,2,1),
(828,172,3,172,3,1),
(829,172,4,172,4,1),
(830,172,5,172,5,1),
(831,173,1,173,1,1),
(832,173,2,173,2,1),
(833,173,3,173,3,1),
(834,173,4,173,4,1),
(835,173,5,173,5,1),
(836,174,1,174,1,1),
(837,174,2,174,2,1),
(838,174,3,174,3,1),
(839,174,4,174,4,1),
(840,174,5,174,5,1),
(841,175,1,175,1,1),
(842,175,2,175,2,1),
(843,175,3,175,3,1),
(844,175,4,175,4,1),
(845,175,5,175,5,1),
(846,176,1,176,1,1),
(847,176,2,176,2,1),
(848,176,3,176,3,1),
(849,176,4,176,4,1),
(850,176,5,176,5,1),
(851,177,1,177,1,1),
(852,177,2,177,2,1),
(853,177,3,177,3,1),
(854,177,4,177,4,1),
(855,177,5,177,5,1),
(856,178,1,178,1,1),
(857,178,2,178,2,1),
(858,178,3,178,3,1),
(859,178,4,178,4,1),
(860,178,5,178,5,1),
(861,179,2,179,2,1),
(862,179,5,179,5,1),
(863,180,2,180,2,1),
(864,180,5,180,5,1),
(865,181,2,181,2,1),
(866,181,5,181,5,1),
(867,182,2,182,2,1),
(868,182,5,182,5,1),
(869,183,1,183,1,1),
(870,183,2,183,2,1),
(871,183,3,183,3,1),
(872,183,4,183,4,1),
(873,183,5,183,5,1),
(874,184,1,184,1,1),
(875,184,2,184,2,1),
(876,184,3,184,3,1),
(877,184,4,184,4,1),
(878,184,5,184,5,1),
(879,185,1,185,1,1),
(880,185,2,185,2,1),
(881,185,3,185,3,1),
(882,185,4,185,4,1),
(883,185,5,185,5,1),
(884,186,1,186,1,1),
(885,186,2,186,2,1),
(886,186,3,186,3,1),
(887,186,4,186,4,1),
(888,186,5,186,5,1),
(889,187,2,187,2,1),
(890,187,5,187,5,1),
(891,188,2,188,2,1),
(892,188,5,188,5,1),
(893,189,1,189,1,1),
(894,189,2,189,2,1),
(895,189,3,189,3,1),
(896,189,4,189,4,1),
(897,189,5,189,5,1),
(898,190,1,190,1,1),
(899,190,2,190,2,1),
(900,190,3,190,3,1),
(901,190,4,190,4,1),
(902,190,5,190,5,1),
(903,191,1,191,1,1),
(904,191,2,191,2,1),
(905,191,3,191,3,1),
(906,191,4,191,4,1),
(907,191,5,191,5,1),
(908,192,1,192,1,1),
(909,192,2,192,2,1),
(910,192,3,192,3,1),
(911,192,4,192,4,1),
(912,192,5,192,5,1),
(913,193,1,193,1,1),
(914,193,2,193,2,1),
(915,193,3,193,3,1),
(916,193,4,193,4,1),
(917,193,5,193,5,1),
(918,194,1,194,1,1),
(919,194,2,194,2,1),
(920,194,3,194,3,1),
(921,194,4,194,4,1),
(922,194,5,194,5,1),
(923,195,1,195,1,1),
(924,195,2,195,2,1),
(925,195,3,195,3,1),
(926,195,4,195,4,1),
(927,195,5,195,5,1),
(928,196,5,196,5,1),
(929,197,5,197,5,1),
(930,198,5,198,5,1),
(931,199,1,199,1,1),
(932,199,2,199,2,1),
(933,199,3,199,3,1),
(934,199,4,199,4,1),
(935,199,5,199,5,1),
(936,200,5,200,5,1),
(937,201,5,201,5,1),
(938,202,1,202,1,1),
(939,202,2,202,2,1),
(940,202,3,202,3,1),
(941,202,4,202,4,1),
(942,202,5,202,5,1),
(943,203,1,203,1,1),
(944,203,2,203,2,1),
(945,203,3,203,3,1),
(946,203,4,203,4,1),
(947,203,5,203,5,1),
(948,204,1,204,1,1),
(949,204,2,204,2,1),
(950,204,3,204,3,1),
(951,204,4,204,4,1),
(952,204,5,204,5,1),
(953,205,1,205,1,1),
(954,205,2,205,2,1),
(955,205,3,205,3,1),
(956,205,4,205,4,1),
(957,205,5,205,5,1),
(958,206,5,206,5,1),
(959,207,5,207,5,1),
(960,208,5,208,5,1),
(961,209,5,209,5,1),
(962,210,1,210,1,1),
(963,210,2,210,2,1),
(964,210,3,210,3,1),
(965,210,4,210,4,1),
(966,210,5,210,5,1),
(967,211,5,211,5,1),
(968,212,1,212,1,1),
(969,212,2,212,2,1),
(970,212,3,212,3,1),
(971,212,4,212,4,1),
(972,212,5,212,5,1),
(973,213,1,213,1,1),
(974,213,2,213,2,1),
(975,213,3,213,3,1),
(976,213,4,213,4,1),
(977,213,5,213,5,1),
(978,214,1,214,1,1),
(979,214,2,214,2,1),
(980,214,3,214,3,1),
(981,214,4,214,4,1),
(982,214,5,214,5,1),
(983,215,1,215,1,1),
(984,215,2,215,2,1),
(985,215,3,215,3,1),
(986,215,4,215,4,1),
(987,215,5,215,5,1),
(988,216,1,216,1,1),
(989,216,2,216,2,1),
(990,216,3,216,3,1),
(991,216,4,216,4,1),
(992,216,5,216,5,1),
(993,217,1,217,1,1),
(994,217,2,217,2,1),
(995,217,3,217,3,1),
(996,217,4,217,4,1),
(997,217,5,217,5,1),
(998,218,5,218,5,1),
(999,219,1,219,1,1),
(1000,220,1,220,1,1),
(1001,221,1,221,1,1),
(1002,222,1,222,1,1),
(1003,222,2,222,2,1),
(1004,222,3,222,3,1),
(1005,222,4,222,4,1),
(1006,222,5,222,5,1),
(1007,223,1,223,1,1),
(1008,223,2,223,2,1),
(1009,223,3,223,3,1),
(1010,223,4,223,4,1),
(1011,223,5,223,5,1),
(1012,224,1,224,1,1),
(1013,224,2,224,2,1),
(1014,224,3,224,3,1),
(1015,224,4,224,4,1),
(1016,224,5,224,5,1),
(1017,225,1,225,1,1),
(1018,225,2,225,2,1),
(1019,225,3,225,3,1),
(1020,225,4,225,4,1),
(1021,225,5,225,5,1),
(1022,226,1,226,1,1),
(1023,226,2,226,2,1),
(1024,226,3,226,3,1),
(1025,226,4,226,4,1),
(1026,226,5,226,5,1),
(1027,227,1,227,1,1),
(1028,227,2,227,2,1),
(1029,227,3,227,3,1),
(1030,227,4,227,4,1),
(1031,227,5,227,5,1),
(1032,228,1,228,1,1),
(1033,228,2,228,2,1),
(1034,228,3,228,3,1),
(1035,228,4,228,4,1),
(1036,228,5,228,5,1),
(1037,229,1,229,1,1),
(1038,229,2,229,2,1),
(1039,229,3,229,3,1),
(1040,229,4,229,4,1),
(1041,229,5,229,5,1),
(1042,230,1,230,1,1),
(1043,230,2,230,2,1),
(1044,230,3,230,3,1),
(1045,230,4,230,4,1),
(1046,230,5,230,5,1),
(1047,231,1,231,1,1),
(1048,231,2,231,2,1),
(1049,231,3,231,3,1),
(1050,231,4,231,4,1),
(1051,231,5,231,5,1),
(1052,232,1,232,1,1),
(1053,232,2,232,2,1),
(1054,232,3,232,3,1),
(1055,232,4,232,4,1),
(1056,232,5,232,5,1),
(1057,233,5,233,5,1),
(1058,234,5,234,5,1),
(1059,235,5,235,5,1),
(1060,236,5,236,5,1),
(1061,237,5,237,5,1),
(1062,238,5,238,5,1),
(1063,239,1,239,1,1),
(1064,239,2,239,2,1),
(1065,239,3,239,3,1),
(1066,239,4,239,4,1),
(1067,239,5,239,5,1),
(1068,240,1,240,1,1),
(1069,240,2,240,2,1),
(1070,240,3,240,3,1),
(1071,240,4,240,4,1),
(1072,240,5,240,5,1),
(1073,241,1,241,1,1),
(1074,241,2,241,2,1),
(1075,241,3,241,3,1),
(1076,241,4,241,4,1),
(1077,241,5,241,5,1),
(1078,242,1,242,1,1),
(1079,242,2,242,2,1),
(1080,242,3,242,3,1),
(1081,242,4,242,4,1),
(1082,242,5,242,5,1),
(1083,243,1,243,1,1),
(1084,243,2,243,2,1),
(1085,243,3,243,3,1),
(1086,243,4,243,4,1),
(1087,243,5,243,5,1),
(1088,244,1,244,1,1),
(1089,244,2,244,2,1),
(1090,244,3,244,3,1),
(1091,244,4,244,4,1),
(1092,244,5,244,5,1),
(1093,245,5,245,5,1),
(1094,246,5,246,5,1),
(1095,247,5,247,5,1),
(1096,248,5,248,5,1),
(1097,249,5,249,5,1),
(1098,250,5,250,5,1),
(1099,251,2,251,2,1),
(1100,251,3,251,3,1),
(1101,251,4,251,4,1),
(1102,251,5,251,5,1),
(1103,252,1,252,1,1),
(1104,252,2,252,2,1),
(1105,252,3,252,3,1),
(1106,252,4,252,4,1),
(1107,252,5,252,5,1),
(1108,253,5,253,5,1),
(1109,254,5,254,5,1),
(1110,255,5,255,5,1),
(1111,256,5,256,5,1),
(1112,257,1,257,1,1),
(1113,257,2,257,2,1),
(1114,257,3,257,3,1),
(1115,257,4,257,4,1),
(1116,257,5,257,5,1),
(1117,258,1,258,1,1),
(1118,258,2,258,2,1),
(1119,258,3,258,3,1),
(1120,258,4,258,4,1),
(1121,258,5,258,5,1),
(1122,259,2,259,2,1),
(1123,259,3,259,3,1),
(1124,259,4,259,4,1),
(1125,259,5,259,5,1),
(1126,260,2,260,2,1),
(1127,260,3,260,3,1),
(1128,260,4,260,4,1),
(1129,260,5,260,5,1),
(1130,261,2,261,2,1),
(1131,261,3,261,3,1),
(1132,261,4,261,4,1),
(1133,261,5,261,5,1),
(1134,262,1,262,1,1),
(1135,262,2,262,2,1),
(1136,262,3,262,3,1),
(1137,262,4,262,4,1),
(1138,262,5,262,5,1),
(1139,263,1,263,1,1),
(1140,263,2,263,2,1),
(1141,263,3,263,3,1),
(1142,263,4,263,4,1),
(1143,263,5,263,5,1),
(1144,264,1,264,1,1),
(1145,264,2,264,2,1),
(1146,264,3,264,3,1),
(1147,264,4,264,4,1),
(1148,264,5,264,5,1),
(1149,265,1,265,1,1),
(1150,265,2,265,2,1),
(1151,265,3,265,3,1),
(1152,265,4,265,4,1),
(1153,265,5,265,5,1),
(1154,266,1,266,1,1),
(1155,266,2,266,2,1),
(1156,266,3,266,3,1),
(1157,266,4,266,4,1),
(1158,266,5,266,5,1),
(1159,267,1,267,1,1),
(1160,267,2,267,2,1),
(1161,267,3,267,3,1),
(1162,267,4,267,4,1),
(1163,268,1,268,1,1),
(1164,268,2,268,2,1),
(1165,268,3,268,3,1),
(1166,268,4,268,4,1),
(1167,269,2,269,2,1),
(1168,269,3,269,3,1),
(1169,269,4,269,4,1),
(1170,270,2,270,2,1),
(1171,270,3,270,3,1),
(1172,270,4,270,4,1),
(1173,271,2,271,2,1),
(1174,271,3,271,3,1),
(1175,271,4,271,4,1),
(1176,272,2,272,2,1),
(1177,272,3,272,3,1),
(1178,272,4,272,4,1),
(1179,273,1,273,1,1),
(1180,273,2,273,2,1),
(1181,273,3,273,3,1),
(1182,273,4,273,4,1),
(1183,274,1,274,1,1),
(1184,274,2,274,2,1),
(1185,274,3,274,3,1),
(1186,274,4,274,4,1),
(1187,275,2,275,2,1),
(1188,275,3,275,3,1),
(1189,275,4,275,4,1),
(1190,276,2,276,2,1),
(1191,276,3,276,3,1),
(1192,276,4,276,4,1),
(1193,277,1,277,1,1),
(1194,277,2,277,2,1),
(1195,277,3,277,3,1),
(1196,277,4,277,4,1),
(1197,278,1,278,1,1),
(1198,278,2,278,2,1),
(1199,278,3,278,3,1),
(1200,278,4,278,4,1),
(1201,279,1,279,1,1),
(1202,279,2,279,2,1),
(1203,279,3,279,3,1),
(1204,279,4,279,4,1),
(1205,280,1,280,1,1),
(1206,280,2,280,2,1),
(1207,280,3,280,3,1),
(1208,280,4,280,4,1),
(1209,281,1,281,1,1),
(1210,281,2,281,2,1),
(1211,281,3,281,3,1),
(1212,281,4,281,4,1),
(1213,282,1,282,1,1),
(1214,282,2,282,2,1),
(1215,282,3,282,3,1),
(1216,282,4,282,4,1),
(1217,283,1,283,1,1),
(1218,284,2,284,2,1),
(1219,284,3,284,3,1),
(1220,284,4,284,4,1),
(1221,285,3,285,3,1),
(1222,286,1,286,1,1),
(1223,287,1,287,1,1),
(1224,287,2,287,2,1),
(1225,287,3,287,3,1),
(1226,287,4,287,4,1),
(1227,288,1,288,1,1),
(1228,288,2,288,2,1),
(1229,288,3,288,3,1),
(1230,288,4,288,4,1),
(1231,289,1,289,1,1),
(1232,289,2,289,2,1),
(1233,289,3,289,3,1),
(1234,289,4,289,4,1),
(1235,290,1,290,1,1),
(1236,290,2,290,2,1),
(1237,290,3,290,3,1),
(1238,290,4,290,4,1),
(1239,291,1,291,1,1),
(1240,291,2,291,2,1),
(1241,291,3,291,3,1),
(1242,291,4,291,4,1),
(1243,292,1,292,1,1),
(1244,292,2,292,2,1),
(1245,292,3,292,3,1),
(1246,292,4,292,4,1),
(1247,293,1,293,1,1),
(1248,293,2,293,2,1),
(1249,293,3,293,3,1),
(1250,293,4,293,4,1),
(1251,294,1,294,1,1),
(1252,294,2,294,2,1),
(1253,294,3,294,3,1),
(1254,294,4,294,4,1),
(1255,295,1,295,1,1),
(1256,295,2,295,2,1),
(1257,295,3,295,3,1),
(1258,295,4,295,4,1),
(1259,296,1,296,1,1),
(1260,296,2,296,2,1),
(1261,296,3,296,3,1),
(1262,296,4,296,4,1),
(1263,297,1,297,1,1),
(1264,297,2,297,2,1),
(1265,297,3,297,3,1),
(1266,297,4,297,4,1),
(1267,298,1,298,1,1),
(1268,298,2,298,2,1),
(1269,298,3,298,3,1),
(1270,298,4,298,4,1),
(1271,299,1,299,1,1),
(1272,299,2,299,2,1),
(1273,299,3,299,3,1),
(1274,299,4,299,4,1),
(1275,300,1,300,1,1),
(1276,300,2,300,2,1),
(1277,300,3,300,3,1),
(1278,300,4,300,4,1),
(1279,301,1,301,1,1),
(1280,301,2,301,2,1),
(1281,301,3,301,3,1),
(1282,301,4,301,4,1),
(1283,302,1,302,1,1),
(1284,302,2,302,2,1),
(1285,302,3,302,3,1),
(1286,302,4,302,4,1),
(1287,303,1,303,1,1),
(1288,303,2,303,2,1),
(1289,303,3,303,3,1),
(1290,303,4,303,4,1),
(1291,304,1,304,1,1),
(1292,304,2,304,2,1),
(1293,304,3,304,3,1),
(1294,304,4,304,4,1),
(1295,305,2,305,2,1),
(1296,305,3,305,3,1),
(1297,305,4,305,4,1),
(1298,306,2,306,2,1),
(1299,306,3,306,3,1),
(1300,306,4,306,4,1),
(1301,307,1,307,1,1),
(1302,307,2,307,2,1),
(1303,307,3,307,3,1),
(1304,307,4,307,4,1),
(1305,308,1,308,1,1),
(1306,308,2,308,2,1),
(1307,308,3,308,3,1),
(1308,309,1,309,1,1),
(1309,309,2,309,2,1),
(1310,309,3,309,3,1),
(1311,310,1,310,1,1),
(1312,310,2,310,2,1),
(1313,310,3,310,3,1),
(1314,310,4,310,4,1),
(1315,311,1,311,1,1),
(1316,311,2,311,2,1),
(1317,311,3,311,3,1),
(1318,311,4,311,4,1),
(1319,312,1,312,1,1),
(1320,312,2,312,2,1),
(1321,312,3,312,3,1),
(1322,312,4,312,4,1),
(1323,313,1,313,1,1),
(1324,313,2,313,2,1),
(1325,313,3,313,3,1),
(1326,313,4,313,4,1),
(1327,314,2,314,2,1),
(1328,314,3,314,3,1),
(1329,314,4,314,4,1),
(1330,315,2,315,2,1),
(1331,315,3,315,3,1),
(1332,315,4,315,4,1),
(1333,316,1,316,1,1),
(1334,316,2,316,2,1),
(1335,316,3,316,3,1),
(1336,316,4,316,4,1),
(1337,317,1,317,1,1),
(1338,317,2,317,2,1),
(1339,318,1,318,1,1),
(1340,318,2,318,2,1),
(1341,318,3,318,3,1),
(1342,318,4,318,4,1),
(1343,319,1,319,1,1),
(1344,319,2,319,2,1),
(1345,319,3,319,3,1),
(1346,319,4,319,4,1),
(1347,320,1,320,1,1),
(1348,320,2,320,2,1),
(1349,320,3,320,3,1),
(1350,320,4,320,4,1),
(1351,321,1,321,1,1),
(1352,321,2,321,2,1),
(1353,321,3,321,3,1),
(1354,321,4,321,4,1),
(1355,322,1,322,1,1),
(1356,322,2,322,2,1),
(1357,322,3,322,3,1),
(1358,322,4,322,4,1),
(1359,323,1,323,1,1),
(1360,323,2,323,2,1),
(1361,323,3,323,3,1),
(1362,323,4,323,4,1),
(1363,324,1,324,1,1),
(1364,324,2,324,2,1),
(1365,324,3,324,3,1),
(1366,324,4,324,4,1),
(1367,325,1,325,1,1),
(1368,325,2,325,2,1),
(1369,325,3,325,3,1),
(1370,325,4,325,4,1),
(1371,326,1,326,1,1),
(1372,326,2,326,2,1),
(1373,326,3,326,3,1),
(1374,326,4,326,4,1),
(1375,327,2,327,2,1),
(1376,327,3,327,3,1),
(1377,327,4,327,4,1),
(1378,328,2,328,2,1),
(1379,328,3,328,3,1),
(1380,328,4,328,4,1),
(1381,329,2,329,2,1),
(1382,329,3,329,3,1),
(1383,329,4,329,4,1),
(1384,330,2,330,2,1),
(1385,330,3,330,3,1),
(1386,330,4,330,4,1),
(1387,331,1,331,1,1),
(1388,331,2,331,2,1),
(1389,331,3,331,3,1),
(1390,331,4,331,4,1),
(1391,332,1,332,1,1),
(1392,332,2,332,2,1),
(1393,332,3,332,3,1),
(1394,332,4,332,4,1),
(1395,333,1,333,1,1),
(1396,333,2,333,2,1),
(1397,333,3,333,3,1),
(1398,333,4,333,4,1),
(1399,334,1,334,1,1),
(1400,334,2,334,2,1),
(1401,334,3,334,3,1),
(1402,334,4,334,4,1),
(1403,335,1,335,1,1),
(1404,335,2,335,2,1),
(1405,335,3,335,3,1),
(1406,335,4,335,4,1),
(1407,336,1,336,1,1),
(1408,336,2,336,2,1),
(1409,336,3,336,3,1),
(1410,336,4,336,4,1),
(1411,337,1,337,1,1),
(1412,337,2,337,2,1),
(1413,337,3,337,3,1),
(1414,337,4,337,4,1),
(1415,338,1,338,1,1),
(1416,338,2,338,2,1),
(1417,338,3,338,3,1),
(1418,338,4,338,4,1),
(1419,339,1,339,1,1),
(1420,339,2,339,2,1),
(1421,339,3,339,3,1),
(1422,339,4,339,4,1),
(1423,340,1,340,1,1),
(1424,340,2,340,2,1),
(1425,340,3,340,3,1),
(1426,340,4,340,4,1),
(1427,341,1,341,1,1),
(1428,341,2,341,2,1),
(1429,341,3,341,3,1),
(1430,341,4,341,4,1),
(1431,342,1,342,1,1),
(1432,342,2,342,2,1),
(1433,342,3,342,3,1),
(1434,342,4,342,4,1),
(1435,343,1,343,1,1),
(1436,343,2,343,2,1),
(1437,343,3,343,3,1),
(1438,343,4,343,4,1),
(1439,344,1,344,1,1),
(1440,344,2,344,2,1),
(1441,344,3,344,3,1),
(1442,344,4,344,4,1),
(1443,345,1,345,1,1),
(1444,345,2,345,2,1),
(1445,345,3,345,3,1),
(1446,345,4,345,4,1),
(1447,346,1,346,1,1),
(1448,346,2,346,2,1),
(1449,346,3,346,3,1),
(1450,346,4,346,4,1),
(1451,347,1,347,1,1),
(1452,347,2,347,2,1),
(1453,347,3,347,3,1),
(1454,347,4,347,4,1),
(1455,348,1,348,1,1),
(1456,348,2,348,2,1),
(1457,348,3,348,3,1),
(1458,348,4,348,4,1),
(1459,349,1,349,1,1),
(1460,349,2,349,2,1),
(1461,350,1,350,1,1),
(1462,350,2,350,2,1),
(1463,350,3,350,3,1),
(1464,351,1,351,1,1),
(1465,351,2,351,2,1),
(1466,351,3,351,3,1),
(1467,352,1,352,1,1),
(1468,352,2,352,2,1),
(1469,352,3,352,3,1),
(1470,353,1,353,1,1),
(1471,353,2,353,2,1),
(1472,353,3,353,3,1),
(1473,353,4,353,4,1),
(1474,354,1,354,1,1),
(1475,354,2,354,2,1),
(1476,354,3,354,3,1),
(1477,354,4,354,4,1),
(1478,355,1,355,1,1),
(1479,355,2,355,2,1),
(1480,355,3,355,3,1),
(1481,355,4,355,4,1),
(1482,356,1,356,1,1),
(1483,356,2,356,2,1),
(1484,356,3,356,3,1),
(1485,356,4,356,4,1),
(1486,357,1,357,1,1),
(1487,357,2,357,2,1),
(1488,357,3,357,3,1),
(1489,357,4,357,4,1),
(1490,358,1,358,1,1),
(1491,358,2,358,2,1),
(1492,358,3,358,3,1),
(1493,358,4,358,4,1),
(1494,359,1,359,1,1),
(1495,359,2,359,2,1),
(1496,359,3,359,3,1),
(1497,359,4,359,4,1),
(1498,360,1,360,1,1),
(1499,360,2,360,2,1),
(1500,360,3,360,3,1),
(1501,360,4,360,4,1),
(1502,361,1,361,1,1),
(1503,361,2,361,2,1),
(1504,361,3,361,3,1),
(1505,362,1,362,1,1),
(1506,362,2,362,2,1),
(1507,362,3,362,3,1),
(1508,363,1,363,1,1),
(1509,363,2,363,2,1),
(1510,363,3,363,3,1),
(1511,363,4,363,4,1),
(1512,364,1,364,1,1),
(1513,364,2,364,2,1),
(1514,364,3,364,3,1),
(1515,364,4,364,4,1),
(1516,365,1,365,1,1),
(1517,365,2,365,2,1),
(1518,365,3,365,3,1),
(1519,365,4,365,4,1),
(1520,366,1,366,1,1),
(1521,366,2,366,2,1),
(1522,366,3,366,3,1),
(1523,366,4,366,4,1),
(1524,367,1,367,1,1),
(1525,367,2,367,2,1),
(1526,367,3,367,3,1),
(1527,367,4,367,4,1),
(1528,368,1,368,1,1),
(1529,368,2,368,2,1),
(1530,368,3,368,3,1),
(1531,368,4,368,4,1),
(1532,369,2,369,2,1),
(1533,369,3,369,3,1),
(1534,369,4,369,4,1),
(1535,370,1,370,1,1),
(1536,370,2,370,2,1),
(1537,370,3,370,3,1),
(1538,370,4,370,4,1),
(1539,371,1,371,1,1),
(1540,371,2,371,2,1),
(1541,371,3,371,3,1),
(1542,371,4,371,4,1),
(1543,372,2,372,2,1),
(1544,372,3,372,3,1),
(1545,372,4,372,4,1),
(1546,373,1,373,1,1),
(1547,373,2,373,2,1),
(1548,373,3,373,3,1),
(1549,373,5,373,5,1),
(1550,374,1,374,1,1),
(1551,374,2,374,2,1),
(1552,374,3,374,3,1),
(1553,374,5,374,5,1),
(1554,375,1,375,1,1),
(1555,375,2,375,2,1),
(1556,375,5,375,5,1),
(1557,376,1,376,1,1),
(1558,376,5,376,5,1),
(1559,377,1,377,1,1),
(1560,377,2,377,2,1),
(1561,377,3,377,3,1),
(1562,377,4,377,4,1),
(1563,377,5,377,5,1),
(1564,378,1,378,1,1),
(1565,378,2,378,2,1),
(1566,378,3,378,3,1),
(1567,378,5,378,5,1),
(1568,379,1,379,1,1),
(1569,379,2,379,2,1),
(1570,379,5,379,5,1),
(1571,380,1,380,1,1),
(1572,380,2,380,2,1),
(1573,380,3,380,3,1),
(1574,380,5,380,5,1),
(1575,381,1,381,1,1),
(1576,381,2,381,2,1),
(1577,381,3,381,3,1),
(1578,381,5,381,5,1),
(1579,382,5,382,5,1),
(1580,383,5,383,5,1),
(1581,384,5,384,5,1),
(1582,385,5,385,5,1),
(1583,386,5,386,5,1),
(1584,387,1,387,1,1),
(1585,387,2,387,2,1),
(1586,387,3,387,3,1),
(1587,387,4,387,4,1),
(1588,387,5,387,5,1),
(1589,388,1,388,1,1),
(1590,388,2,388,2,1),
(1591,388,3,388,3,1),
(1592,388,4,388,4,1),
(1593,388,5,388,5,1),
(1594,389,1,389,1,1),
(1595,389,2,389,2,1),
(1596,389,3,389,3,1),
(1597,389,4,389,4,1),
(1598,389,5,389,5,1),
(1599,390,1,390,1,1),
(1600,390,2,390,2,1),
(1601,390,3,390,3,1),
(1602,390,4,390,4,1),
(1603,390,5,390,5,1),
(1604,391,1,391,1,1),
(1605,391,2,391,2,1),
(1606,391,3,391,3,1),
(1607,391,4,391,4,1),
(1608,391,5,391,5,1),
(1609,392,1,392,1,1),
(1610,392,2,392,2,1),
(1611,392,5,392,5,1),
(1612,393,1,393,1,1),
(1613,393,5,393,5,1),
(1614,394,1,394,1,1),
(1615,394,2,394,2,1),
(1616,394,3,394,3,1),
(1617,394,4,394,4,1),
(1618,394,5,394,5,1),
(1619,395,1,395,1,1),
(1620,395,2,395,2,1),
(1621,395,3,395,3,1),
(1622,395,4,395,4,1),
(1623,395,5,395,5,1),
(1624,396,1,396,1,1),
(1625,396,2,396,2,1),
(1626,396,3,396,3,1),
(1627,396,4,396,4,1),
(1628,396,5,396,5,1),
(1629,397,1,397,1,1),
(1630,397,2,397,2,1),
(1631,397,5,397,5,1),
(1632,398,1,398,1,1),
(1633,398,2,398,2,1),
(1634,398,3,398,3,1),
(1635,398,4,398,4,1),
(1636,398,5,398,5,1),
(1637,399,1,399,1,1),
(1638,399,2,399,2,1),
(1639,399,3,399,3,1),
(1640,399,4,399,4,1),
(1641,399,5,399,5,1),
(1642,400,5,400,5,1),
(1643,401,1,401,1,1),
(1644,401,2,401,2,1),
(1645,401,3,401,3,1),
(1646,401,4,401,4,1),
(1647,401,5,401,5,1),
(1648,402,1,402,1,1),
(1649,402,2,402,2,1),
(1650,402,3,402,3,1),
(1651,402,4,402,4,1),
(1652,402,5,402,5,1),
(1653,403,1,403,1,1),
(1654,403,2,403,2,1),
(1655,403,3,403,3,1),
(1656,403,4,403,4,1),
(1657,403,5,403,5,1),
(1658,404,1,404,1,1),
(1659,404,2,404,2,1),
(1660,404,3,404,3,1),
(1661,404,4,404,4,1),
(1662,404,5,404,5,1),
(1663,405,5,405,5,1),
(1664,406,1,406,1,1),
(1665,406,2,406,2,1),
(1666,406,3,406,3,1),
(1667,406,4,406,4,1),
(1668,406,5,406,5,1),
(1669,407,1,407,1,1),
(1670,407,2,407,2,1),
(1671,407,3,407,3,1),
(1672,407,4,407,4,1),
(1673,407,5,407,5,1),
(1674,408,1,408,1,1),
(1675,408,2,408,2,1),
(1676,408,3,408,3,1),
(1677,408,4,408,4,1),
(1678,408,5,408,5,1),
(1679,409,1,409,1,1),
(1680,409,2,409,2,1),
(1681,409,3,409,3,1),
(1682,409,4,409,4,1),
(1683,409,5,409,5,1),
(1684,410,1,410,1,1),
(1685,410,2,410,2,1),
(1686,410,3,410,3,1),
(1687,410,4,410,4,1),
(1688,410,5,410,5,1),
(1689,411,1,411,1,1),
(1690,411,2,411,2,1),
(1691,411,3,411,3,1),
(1692,411,4,411,4,1),
(1693,411,5,411,5,1),
(1694,412,1,412,1,1),
(1695,412,2,412,2,1),
(1696,412,3,412,3,1),
(1697,412,4,412,4,1),
(1698,412,5,412,5,1),
(1699,413,5,413,5,1),
(1700,414,5,414,5,1),
(1701,415,1,415,1,1),
(1702,416,1,416,1,1),
(1703,417,2,417,2,1),
(1704,418,1,418,1,1),
(1705,418,2,418,2,1),
(1706,418,3,418,3,1),
(1707,418,4,418,4,1),
(1708,418,5,418,5,1),
(1709,419,1,419,1,1),
(1710,419,2,419,2,1),
(1711,419,3,419,3,1),
(1712,419,4,419,4,1),
(1713,419,5,419,5,1),
(1714,420,1,420,1,1),
(1715,420,2,420,2,1),
(1716,420,3,420,3,1),
(1717,420,4,420,4,1),
(1718,420,5,420,5,1),
(1719,421,1,421,1,1),
(1720,421,2,421,2,1),
(1721,421,3,421,3,1),
(1722,421,4,421,4,1),
(1723,421,5,421,5,1),
(1724,422,1,422,1,1),
(1725,422,2,422,2,1),
(1726,422,3,422,3,1),
(1727,422,4,422,4,1),
(1728,422,5,422,5,1),
(1729,423,1,423,1,1),
(1730,423,2,423,2,1),
(1731,423,3,423,3,1),
(1732,423,4,423,4,1),
(1733,423,5,423,5,1),
(1734,424,1,424,1,1),
(1735,424,2,424,2,1),
(1736,424,3,424,3,1),
(1737,424,4,424,4,1),
(1738,424,5,424,5,1),
(1739,425,1,425,1,1),
(1740,425,2,425,2,1),
(1741,425,3,425,3,1),
(1742,425,4,425,4,1),
(1743,425,5,425,5,1),
(1744,426,1,426,1,1),
(1745,426,2,426,2,1),
(1746,426,3,426,3,1),
(1747,426,4,426,4,1),
(1748,426,5,426,5,1),
(1749,427,1,427,1,1),
(1750,427,2,427,2,1),
(1751,427,3,427,3,1),
(1752,427,4,427,4,1),
(1753,427,5,427,5,1),
(1754,428,1,428,1,1),
(1755,428,2,428,2,1),
(1756,428,3,428,3,1),
(1757,428,4,428,4,1),
(1758,428,5,428,5,1),
(1759,429,1,429,1,1),
(1760,429,2,429,2,1),
(1761,429,3,429,3,1),
(1762,429,4,429,4,1),
(1763,429,5,429,5,1),
(1764,430,1,430,1,1),
(1765,430,2,430,2,1),
(1766,430,3,430,3,1),
(1767,430,4,430,4,1),
(1768,430,5,430,5,1),
(1769,431,1,431,1,1),
(1770,431,2,431,2,1),
(1771,431,3,431,3,1),
(1772,431,4,431,4,1),
(1773,431,5,431,5,1),
(1774,432,1,432,1,1),
(1775,432,2,432,2,1),
(1776,432,3,432,3,1),
(1777,432,4,432,4,1),
(1778,432,5,432,5,1),
(1779,433,2,433,2,1),
(1780,433,3,433,3,1),
(1781,433,4,433,4,1),
(1782,433,5,433,5,1),
(1783,434,1,434,1,1),
(1784,434,2,434,2,1),
(1785,434,3,434,3,1),
(1786,434,4,434,4,1),
(1787,434,5,434,5,1),
(1788,435,1,435,1,1),
(1789,435,2,435,2,1),
(1790,435,3,435,3,1),
(1791,435,4,435,4,1),
(1792,435,5,435,5,1),
(1793,436,1,436,1,1),
(1794,436,2,436,2,1),
(1795,436,3,436,3,1),
(1796,436,4,436,4,1),
(1797,436,5,436,5,1),
(1798,437,1,437,1,1),
(1799,437,2,437,2,1),
(1800,437,3,437,3,1),
(1801,437,4,437,4,1),
(1802,437,5,437,5,1),
(1803,438,1,438,1,1),
(1804,438,2,438,2,1),
(1805,438,3,438,3,1),
(1806,438,4,438,4,1),
(1807,438,5,438,5,1),
(1808,439,5,439,5,1),
(1809,440,5,440,5,1),
(1810,441,1,441,1,1),
(1811,441,2,441,2,1),
(1812,441,3,441,3,1),
(1813,441,4,441,4,1),
(1814,441,5,441,5,1),
(1815,442,1,442,1,1),
(1816,442,2,442,2,1),
(1817,442,3,442,3,1),
(1818,442,4,442,4,1),
(1819,442,5,442,5,1),
(1820,443,1,443,1,1),
(1821,443,2,443,2,1),
(1822,443,3,443,3,1),
(1823,443,4,443,4,1),
(1824,443,5,443,5,1),
(1825,444,1,444,1,1),
(1826,444,2,444,2,1),
(1827,444,3,444,3,1),
(1828,444,4,444,4,1),
(1829,444,5,444,5,1),
(1830,445,2,445,2,1),
(1831,445,3,445,3,1),
(1832,445,4,445,4,1),
(1833,445,5,445,5,1),
(1834,446,2,446,2,1),
(1835,446,3,446,3,1),
(1836,446,4,446,4,1),
(1837,446,5,446,5,1),
(1838,447,2,447,2,1),
(1839,447,3,447,3,1),
(1840,447,4,447,4,1),
(1841,447,5,447,5,1),
(1842,448,2,448,2,1),
(1843,448,3,448,3,1),
(1844,448,4,448,4,1),
(1845,448,5,448,5,1),
(1846,449,1,449,1,1),
(1847,449,2,449,2,1),
(1848,449,3,449,3,1),
(1849,449,4,449,4,1),
(1850,449,5,449,5,1),
(1851,450,1,450,1,1),
(1852,450,2,450,2,1),
(1853,450,3,450,3,1),
(1854,450,4,450,4,1),
(1855,450,5,450,5,1),
(1856,451,1,451,1,1),
(1857,451,2,451,2,1),
(1858,451,3,451,3,1),
(1859,451,4,451,4,1),
(1860,451,5,451,5,1),
(1861,452,1,452,1,1),
(1862,452,2,452,2,1),
(1863,452,3,452,3,1),
(1864,452,4,452,4,1),
(1865,452,5,452,5,1),
(1866,453,1,453,1,1),
(1867,453,2,453,2,1),
(1868,453,3,453,3,1),
(1869,453,4,453,4,1),
(1870,453,5,453,5,1),
(1871,454,1,454,1,1),
(1872,454,2,454,2,1),
(1873,454,3,454,3,1),
(1874,454,4,454,4,1),
(1875,454,5,454,5,1),
(1876,455,1,455,1,1),
(1877,455,2,455,2,1),
(1878,455,3,455,3,1),
(1879,455,4,455,4,1),
(1880,455,5,455,5,1),
(1881,456,1,456,1,1),
(1882,456,2,456,2,1),
(1883,456,3,456,3,1),
(1884,456,4,456,4,1),
(1885,456,5,456,5,1),
(1886,457,1,457,1,1),
(1887,457,2,457,2,1),
(1888,457,3,457,3,1),
(1889,457,4,457,4,1),
(1890,457,5,457,5,1),
(1891,458,1,458,1,1),
(1892,458,2,458,2,1),
(1893,458,3,458,3,1),
(1894,458,4,458,4,1),
(1895,458,5,458,5,1),
(1896,459,1,459,1,1),
(1897,459,2,459,2,1),
(1898,459,3,459,3,1),
(1899,459,4,459,4,1),
(1900,459,5,459,5,1),
(1901,460,1,460,1,1),
(1902,460,2,460,2,1),
(1903,460,3,460,3,1),
(1904,460,4,460,4,1),
(1905,460,5,460,5,1),
(1906,461,1,461,1,1),
(1907,461,2,461,2,1),
(1908,461,3,461,3,1),
(1909,461,4,461,4,1),
(1910,461,5,461,5,1),
(1911,462,5,462,5,1),
(1912,463,2,463,2,1),
(1913,463,3,463,3,1),
(1914,463,4,463,4,1),
(1915,463,5,463,5,1),
(1916,464,2,464,2,1),
(1917,464,3,464,3,1),
(1918,464,4,464,4,1),
(1919,464,5,464,5,1),
(1920,465,1,465,1,1),
(1921,465,2,465,2,1),
(1922,465,3,465,3,1),
(1923,465,4,465,4,1),
(1924,465,5,465,5,1),
(1925,466,1,466,1,1),
(1926,466,2,466,2,1),
(1927,466,3,466,3,1),
(1928,466,4,466,4,1),
(1929,466,5,466,5,1),
(1930,467,1,467,1,1),
(1931,467,2,467,2,1),
(1932,467,3,467,3,1),
(1933,467,4,467,4,1),
(1934,467,5,467,5,1),
(1935,468,1,468,1,1),
(1936,468,2,468,2,1),
(1937,468,3,468,3,1),
(1938,468,4,468,4,1),
(1939,468,5,468,5,1),
(1940,469,1,469,1,1),
(1941,469,2,469,2,1),
(1942,469,3,469,3,1),
(1943,469,4,469,4,1),
(1944,469,5,469,5,1),
(1945,470,1,470,1,1),
(1946,470,2,470,2,1),
(1947,470,3,470,3,1),
(1948,470,4,470,4,1),
(1949,470,5,470,5,1),
(1950,471,1,471,1,1),
(1951,471,2,471,2,1),
(1952,471,3,471,3,1),
(1953,471,4,471,4,1),
(1954,471,5,471,5,1),
(1955,472,1,472,1,1),
(1956,472,2,472,2,1),
(1957,472,3,472,3,1),
(1958,472,4,472,4,1),
(1959,472,5,472,5,1),
(1960,473,1,473,1,1),
(1961,473,2,473,2,1),
(1962,473,3,473,3,1),
(1963,473,4,473,4,1),
(1964,473,5,473,5,1),
(1965,474,1,474,1,1),
(1966,474,2,474,2,1),
(1967,474,3,474,3,1),
(1968,474,4,474,4,1),
(1969,474,5,474,5,1),
(1970,475,2,475,2,1),
(1971,475,3,475,3,1),
(1972,475,4,475,4,1),
(1973,475,5,475,5,1),
(1974,476,1,476,1,1),
(1975,476,2,476,2,1),
(1976,476,3,476,3,1),
(1977,476,4,476,4,1),
(1978,476,5,476,5,1),
(1979,477,1,477,1,1),
(1980,477,2,477,2,1),
(1981,477,3,477,3,1),
(1982,477,4,477,4,1),
(1983,477,5,477,5,1),
(1984,478,1,478,1,1),
(1985,478,2,478,2,1),
(1986,478,3,478,3,1),
(1987,478,4,478,4,1),
(1988,478,5,478,5,1),
(1989,479,1,479,1,1),
(1990,479,2,479,2,1),
(1991,479,3,479,3,1),
(1992,479,4,479,4,1),
(1993,479,5,479,5,1),
(1994,480,1,480,1,1),
(1995,480,2,480,2,1),
(1996,480,3,480,3,1),
(1997,480,4,480,4,1),
(1998,480,5,480,5,1),
(1999,481,1,481,1,1),
(2000,481,2,481,2,1),
(2001,481,3,481,3,1),
(2002,481,4,481,4,1),
(2003,481,5,481,5,1),
(2004,482,1,482,1,1),
(2005,482,2,482,2,1),
(2006,482,3,482,3,1),
(2007,482,4,482,4,1),
(2008,482,5,482,5,1),
(2009,483,1,483,1,1),
(2010,483,2,483,2,1),
(2011,483,3,483,3,1),
(2012,483,4,483,4,1),
(2013,483,5,483,5,1),
(2014,484,1,484,1,1),
(2015,484,2,484,2,1),
(2016,484,3,484,3,1),
(2017,484,4,484,4,1),
(2018,484,5,484,5,1),
(2019,485,1,485,1,1),
(2020,485,2,485,2,1),
(2021,485,3,485,3,1),
(2022,485,4,485,4,1),
(2023,485,5,485,5,1),
(2024,486,1,486,1,1),
(2025,486,2,486,2,1),
(2026,486,3,486,3,1),
(2027,486,4,486,4,1),
(2028,486,5,486,5,1),
(2029,487,1,487,1,1),
(2030,487,2,487,2,1),
(2031,487,3,487,3,1),
(2032,487,4,487,4,1),
(2033,487,5,487,5,1),
(2034,488,1,488,1,1),
(2035,488,2,488,2,1),
(2036,488,3,488,3,1),
(2037,488,4,488,4,1),
(2038,488,5,488,5,1),
(2039,489,1,489,1,1),
(2040,489,2,489,2,1),
(2041,489,3,489,3,1),
(2042,489,4,489,4,1),
(2043,489,5,489,5,1),
(2044,490,1,490,1,1),
(2045,490,2,490,2,1),
(2046,490,3,490,3,1),
(2047,490,4,490,4,1),
(2048,490,5,490,5,1),
(2049,491,1,491,1,1),
(2050,491,2,491,2,1),
(2051,491,3,491,3,1),
(2052,491,4,491,4,1),
(2053,491,5,491,5,1),
(2054,492,1,492,1,1),
(2055,492,2,492,2,1),
(2056,492,3,492,3,1),
(2057,492,4,492,4,1),
(2058,492,5,492,5,1),
(2059,493,1,493,1,1),
(2060,493,2,493,2,1),
(2061,493,3,493,3,1),
(2062,493,4,493,4,1),
(2063,493,5,493,5,1),
(2064,494,1,494,1,1),
(2065,494,2,494,2,1),
(2066,494,3,494,3,1),
(2067,494,4,494,4,1),
(2068,494,5,494,5,1),
(2069,495,1,495,1,1),
(2070,495,2,495,2,1),
(2071,495,3,495,3,1),
(2072,495,4,495,4,1),
(2073,495,5,495,5,1),
(2074,496,2,496,2,1),
(2075,496,3,496,3,1),
(2076,496,4,496,4,1),
(2077,496,5,496,5,1),
(2078,497,2,497,2,1),
(2079,497,3,497,3,1),
(2080,497,4,497,4,1),
(2081,497,5,497,5,1),
(2082,498,1,498,1,1),
(2083,498,2,498,2,1),
(2084,498,3,498,3,1),
(2085,498,4,498,4,1),
(2086,498,5,498,5,1),
(2087,499,1,499,1,1),
(2088,499,2,499,2,1),
(2089,499,3,499,3,1),
(2090,499,4,499,4,1),
(2091,499,5,499,5,1),
(2092,500,1,500,1,1),
(2093,500,2,500,2,1),
(2094,500,3,500,3,1),
(2095,500,4,500,4,1),
(2096,500,5,500,5,1),
(2097,501,1,501,1,1),
(2098,501,2,501,2,1),
(2099,501,3,501,3,1),
(2100,501,4,501,4,1),
(2101,501,5,501,5,1),
(2102,502,1,502,1,1),
(2103,502,2,502,2,1),
(2104,502,3,502,3,1),
(2105,502,4,502,4,1),
(2106,502,5,502,5,1),
(2107,503,1,503,1,1),
(2108,503,2,503,2,1),
(2109,503,3,503,3,1),
(2110,503,4,503,4,1),
(2111,503,5,503,5,1),
(2112,504,1,504,1,1),
(2113,504,2,504,2,1),
(2114,504,3,504,3,1),
(2115,504,4,504,4,1),
(2116,504,5,504,5,1),
(2117,505,1,505,1,1),
(2118,505,2,505,2,1),
(2119,505,3,505,3,1),
(2120,505,4,505,4,1),
(2121,505,5,505,5,1),
(2122,506,1,506,1,1),
(2123,506,2,506,2,1),
(2124,506,3,506,3,1),
(2125,506,4,506,4,1),
(2126,506,5,506,5,1),
(2127,507,5,507,5,1),
(2128,508,5,508,5,1),
(2129,509,5,509,5,1),
(2130,510,5,510,5,1),
(2131,511,1,511,1,1),
(2132,511,2,511,2,1),
(2133,511,3,511,3,1),
(2134,511,4,511,4,1),
(2135,511,5,511,5,1),
(2136,512,1,512,1,1),
(2137,512,2,512,2,1),
(2138,512,3,512,3,1),
(2139,512,4,512,4,1),
(2140,512,5,512,5,1),
(2141,513,1,513,1,1),
(2142,513,2,513,2,1),
(2143,513,3,513,3,1),
(2144,513,4,513,4,1),
(2145,513,5,513,5,1),
(2146,514,1,514,1,1),
(2147,514,2,514,2,1),
(2148,514,3,514,3,1),
(2149,514,4,514,4,1),
(2150,514,5,514,5,1),
(2151,515,1,515,1,1),
(2152,515,2,515,2,1),
(2153,515,3,515,3,1),
(2154,515,4,515,4,1),
(2155,515,5,515,5,1),
(2156,516,1,516,1,1),
(2157,516,2,516,2,1),
(2158,516,3,516,3,1),
(2159,516,4,516,4,1),
(2160,516,5,516,5,1),
(2161,517,1,517,1,1),
(2162,517,2,517,2,1),
(2163,517,3,517,3,1),
(2164,517,4,517,4,1),
(2165,517,5,517,5,1),
(2166,518,1,518,1,1),
(2167,518,2,518,2,1),
(2168,518,3,518,3,1),
(2169,518,4,518,4,1),
(2170,518,5,518,5,1),
(2171,519,5,519,5,1);

/*Table structure for table `tag_product` */

DROP TABLE IF EXISTS `tag_product`;

CREATE TABLE `tag_product` (
  `tg_seq` int NOT NULL AUTO_INCREMENT,
  `product_id` int DEFAULT NULL,
  `tag_name` varchar(255) DEFAULT NULL,
  `FK_DrinkBean_product_id` int DEFAULT NULL,
  PRIMARY KEY (`tg_seq`),
  KEY `FKprob3l2svowb0vsdk35go9byj` (`FK_DrinkBean_product_id`),
  CONSTRAINT `FKprob3l2svowb0vsdk35go9byj` FOREIGN KEY (`FK_DrinkBean_product_id`) REFERENCES `product` (`product_id`)
) ENGINE=InnoDB AUTO_INCREMENT=422 DEFAULT CHARSET=utf8;

/*Data for the table `tag_product` */

insert  into `tag_product`(`tg_seq`,`product_id`,`tag_name`,`FK_DrinkBean_product_id`) values 
(1,1,'綠茶',1),
(2,2,'綠茶',2),
(3,3,'紅茶',3),
(4,4,'紅茶',4),
(5,5,'青茶',5),
(6,6,'青茶',6),
(7,7,'烏龍茶',7),
(8,8,'烏龍茶',8),
(9,9,'綠茶',9),
(10,10,'綠茶',10),
(11,11,'綠茶',11),
(12,12,'綠茶',12),
(13,13,'綠茶',13),
(14,14,'綠茶',14),
(15,15,'綠茶',15),
(16,16,'綠茶',16),
(17,17,'綠茶',17),
(18,18,'綠茶',18),
(19,19,'紅茶',19),
(20,20,'紅茶',20),
(21,21,'紅茶',21),
(22,22,'紅茶',22),
(23,23,'綠茶',23),
(24,24,'綠茶',24),
(25,25,'奶茶',25),
(26,26,'奶茶',26),
(27,27,'綠茶',27),
(28,27,'奶茶',27),
(29,28,'綠茶',28),
(30,28,'奶茶',28),
(31,29,'紅茶',29),
(32,30,'紅茶',30),
(33,31,'烏龍茶',31),
(34,32,'烏龍茶',32),
(35,33,'奶茶',33),
(36,33,'青茶',33),
(37,34,'青茶',34),
(38,34,'奶茶',34),
(39,35,'烏龍茶',35),
(40,35,'奶茶',35),
(41,36,'烏龍茶',36),
(42,36,'奶茶',36),
(43,37,'可可',37),
(44,38,'可可',38),
(45,39,'可可',39),
(46,40,'可可',40),
(47,41,'青茶',41),
(48,42,'青茶',42),
(49,43,'紅茶',43),
(50,44,'紅茶',44),
(51,45,'綠茶',45),
(52,46,'綠茶',46),
(53,47,'青茶',47),
(54,48,'青茶',48),
(55,49,'烏龍茶',49),
(56,50,'烏龍茶',50),
(57,51,'奶茶',51),
(58,52,'奶茶',52),
(59,53,'奶茶',53),
(60,53,'綠茶',53),
(61,54,'綠茶',54),
(62,54,'奶茶',54),
(63,55,'烏龍茶',55),
(64,55,'奶茶',55),
(65,56,'烏龍茶',56),
(66,56,'奶茶',56),
(67,57,'紅茶',57),
(68,58,'紅茶',58),
(69,59,'綠茶',59),
(70,60,'綠茶',60),
(71,61,'青茶',61),
(72,62,'青茶',62),
(73,63,'烏龍茶',63),
(74,64,'烏龍茶',64),
(75,65,'奶茶',65),
(76,66,'奶茶',66),
(77,67,'綠茶',67),
(78,67,'奶茶',67),
(79,68,'綠茶',68),
(80,68,'奶茶',68),
(81,69,'奶茶',69),
(82,70,'奶茶',70),
(83,71,'奶茶',71),
(84,72,'奶茶',72),
(85,73,'綠茶',73),
(86,73,'奶茶',73),
(87,74,'綠茶',74),
(88,74,'奶茶',74),
(89,75,'紅茶',75),
(90,76,'紅茶',76),
(91,77,'綠茶',77),
(92,78,'綠茶',78),
(93,79,'青茶',79),
(94,80,'青茶',80),
(95,81,'烏龍茶',81),
(96,82,'烏龍茶',82),
(97,97,'鮮奶茶',97),
(98,98,'鮮奶茶',98),
(99,99,'綠茶',99),
(100,100,'綠茶',100),
(101,101,'黃金烏龍',101),
(102,102,'黃金烏龍',102),
(103,103,'可可',103),
(104,104,'可可',104),
(105,105,'可可',105),
(106,106,'可可',106),
(107,111,'紅茶',111),
(108,112,'紅茶',112),
(109,113,'綠茶',113),
(110,114,'綠茶',114),
(111,119,'青茶',119),
(112,120,'青茶',120),
(113,121,'綠茶',121),
(114,122,'綠茶',122),
(115,123,'紅茶',123),
(116,124,'紅茶',124),
(117,125,'青茶',125),
(118,126,'青茶',126),
(119,127,'冬瓜茶',127),
(120,128,'冬瓜茶',128),
(121,129,'綠茶',129),
(122,130,'綠茶',130),
(123,131,'紅茶',131),
(124,132,'紅茶',132),
(125,135,'綠茶',135),
(126,136,'綠茶',136),
(127,137,'烏龍茶',137),
(128,138,'烏龍茶',138),
(129,139,'冬瓜茶',139),
(130,140,'冬瓜茶',140),
(131,149,'奶茶',149),
(132,150,'奶茶',150),
(133,151,'綠茶',151),
(134,151,'奶茶',151),
(135,152,'綠茶',152),
(136,152,'奶茶',152),
(137,153,'烏龍茶',153),
(138,153,'奶茶',153),
(139,154,'烏龍茶',154),
(140,154,'奶茶',154),
(141,155,'奶茶',155),
(142,156,'奶茶',156),
(143,157,'奶茶',157),
(144,158,'奶茶',158),
(145,159,'奶茶',159),
(146,160,'奶茶',160),
(147,163,'鮮奶茶',163),
(148,164,'鮮奶茶',164),
(149,165,'烏龍茶',165),
(150,165,'鮮奶茶',165),
(151,166,'鮮奶茶',166),
(152,166,'烏龍茶',166),
(153,167,'紅茶',167),
(154,168,'紅茶',168),
(155,169,'紅茶',169),
(156,170,'紅茶',170),
(157,171,'紅茶',171),
(158,172,'紅茶',172),
(159,173,'紅茶',173),
(160,174,'紅茶',174),
(161,175,'紅茶',175),
(162,176,'紅茶',176),
(163,177,'綠茶',177),
(164,178,'綠茶',178),
(165,179,'冬瓜茶',179),
(166,180,'冬瓜茶',180),
(167,181,'冬瓜茶',181),
(168,182,'冬瓜茶',182),
(169,183,'紅茶',183),
(170,183,'冬瓜茶',183),
(171,184,'冬瓜茶',184),
(172,184,'紅茶',184),
(173,185,'冬瓜茶',185),
(174,185,'綠茶',185),
(175,186,'冬瓜茶',186),
(176,186,'綠茶',186),
(177,187,'冬瓜茶',187),
(178,188,'冬瓜茶',188),
(179,189,'鮮奶茶',189),
(180,190,'鮮奶茶',190),
(181,191,'鮮奶茶',191),
(182,192,'鮮奶茶',192),
(183,193,'紅茶',193),
(184,194,'紅茶',194),
(185,195,'紅茶',195),
(186,196,'抹茶',196),
(187,197,'抹茶',197),
(188,198,'抹茶',198),
(189,198,'可可',198),
(190,199,'可可',199),
(191,199,'紅茶',199),
(192,200,'抹茶',200),
(193,201,'抹茶',201),
(194,202,'鮮奶茶',202),
(195,203,'鮮奶茶',203),
(196,204,'綠茶',204),
(197,205,'綠茶',205),
(198,210,'烏龍茶',210),
(199,211,'冬瓜茶',211),
(200,212,'紅茶',212),
(201,213,'紅茶',213),
(202,215,'烏龍茶',215),
(203,216,'綠茶',216),
(204,217,'青茶',217),
(205,218,'冬瓜茶',218),
(206,219,'烏龍茶',219),
(207,220,'烏龍茶',220),
(208,221,'烏龍茶',221),
(209,222,'鮮奶茶',222),
(210,223,'鮮奶茶',223),
(211,224,'鮮奶茶',224),
(212,225,'鮮奶茶',225),
(213,228,'烏龍茶',228),
(214,229,'烏龍茶',229),
(215,230,'綠茶',230),
(216,231,'綠茶',231),
(217,232,'紅茶',232),
(218,241,'抹茶',241),
(219,242,'抹茶',242),
(220,243,'抹茶',243),
(221,244,'抹茶',244),
(222,245,'冬瓜茶',245),
(223,246,'冬瓜茶',246),
(224,251,'冬瓜茶',251),
(225,252,'冬瓜茶',252),
(226,252,'青茶',252),
(227,253,'冬瓜茶',253),
(228,255,'冰沙',255),
(229,257,'紅茶',257),
(230,258,'綠茶',258),
(231,260,'水果茶',260),
(232,262,'綠茶',262),
(233,263,'綠茶',263),
(234,264,'綠茶',264),
(235,265,'青茶',265),
(236,266,'青茶',266),
(237,267,'綠茶',267),
(238,268,'綠茶',268),
(239,269,'烏龍茶',269),
(240,270,'烏龍茶',270),
(241,271,'綠茶',271),
(242,272,'綠茶',272),
(243,273,'可可',273),
(244,274,'可可',274),
(245,279,'奶茶',279),
(246,280,'奶茶',280),
(247,281,'奶茶',281),
(248,282,'奶茶',282),
(249,283,'綠茶',283),
(250,284,'紅茶',284),
(251,286,'紅茶',286),
(252,287,'奶茶',287),
(253,288,'奶茶',288),
(254,289,'奶茶',289),
(255,289,'紅茶',289),
(256,290,'紅茶',290),
(257,290,'奶茶',290),
(258,291,'奶茶',291),
(259,291,'烏龍茶',291),
(260,292,'奶茶',292),
(261,292,'烏龍茶',292),
(262,293,'綠茶',293),
(263,293,'奶茶',293),
(264,294,'奶茶',294),
(265,294,'綠茶',294),
(266,295,'奶茶',295),
(267,296,'奶茶',296),
(268,297,'奶茶',297),
(269,298,'奶茶',298),
(270,299,'奶茶',299),
(271,300,'奶茶',300),
(272,301,'奶茶',301),
(273,302,'奶茶',302),
(274,303,'奶茶',303),
(275,304,'奶茶',304),
(276,305,'奶茶',305),
(277,306,'奶茶',306),
(278,307,'奶茶',307),
(279,308,'奶茶',308),
(280,309,'奶茶',309),
(281,310,'鮮奶茶',310),
(282,311,'鮮奶茶',311),
(283,312,'鮮奶茶',312),
(284,313,'鮮奶茶',313),
(285,314,'鮮奶茶',314),
(286,315,'鮮奶茶',315),
(287,316,'可可',316),
(288,317,'冬瓜茶',317),
(289,320,'鮮奶茶',320),
(290,321,'鮮奶茶',321),
(291,323,'綠茶',323),
(292,326,'綠茶',326),
(293,333,'綠茶',333),
(294,334,'綠茶',334),
(295,335,'紅茶',335),
(296,336,'紅茶',336),
(297,337,'綠茶',337),
(298,338,'綠茶',338),
(299,345,'紅茶',345),
(300,346,'紅茶',346),
(301,347,'奶茶',347),
(302,348,'奶茶',348),
(303,349,'紅茶',349),
(304,350,'冬瓜茶',350),
(305,351,'冬瓜茶',351),
(306,352,'冬瓜茶',352),
(307,352,'青茶',352),
(308,353,'綠茶',353),
(309,353,'烏龍茶',353),
(310,354,'綠茶',354),
(311,354,'烏龍茶',354),
(312,355,'綠茶',355),
(313,356,'綠茶',356),
(314,357,'紅茶',357),
(315,358,'紅茶',358),
(316,359,'青茶',359),
(317,360,'青茶',360),
(318,365,'烏龍茶',365),
(319,366,'烏龍茶',366),
(320,368,'紅茶',368),
(321,373,'綠茶',373),
(322,374,'青茶',374),
(323,375,'紅茶',375),
(324,376,'青茶',376),
(325,377,'紅茶',377),
(326,378,'綠茶',378),
(327,379,'紅茶',379),
(328,380,'綠茶',380),
(329,381,'青茶',381),
(330,382,'冰沙',382),
(331,383,'冰沙',383),
(332,384,'冰沙',384),
(333,385,'冰沙',385),
(334,386,'冰沙',386),
(335,387,'綠茶',387),
(336,388,'紅茶',388),
(337,389,'綠茶',389),
(338,390,'青茶',390),
(339,391,'綠茶',391),
(340,392,'冬瓜茶',392),
(341,393,'冬瓜茶',393),
(342,394,'紅茶',394),
(343,395,'綠茶',395),
(344,396,'青茶',396),
(345,397,'冬瓜茶',397),
(346,400,'冬瓜茶',400),
(347,401,'綠茶',401),
(348,406,'奶茶',406),
(349,407,'奶茶',407),
(350,408,'奶茶',408),
(351,409,'奶茶',409),
(352,410,'奶茶',410),
(353,411,'鮮奶茶',411),
(354,412,'鮮奶茶',412),
(355,418,'紅茶',418),
(356,424,'烏龍茶',424),
(357,425,'烏龍茶',425),
(358,426,'紅茶',426),
(359,429,'烏龍茶',429),
(360,431,'烏龍茶',431),
(361,432,'紅茶',432),
(362,434,'鮮奶茶',434),
(363,435,'鮮奶茶',435),
(364,436,'烏龍茶',436),
(365,436,'鮮奶茶',436),
(366,437,'鮮奶茶',437),
(367,438,'鮮奶茶',438),
(368,441,'紅茶',441),
(369,442,'紅茶',442),
(370,443,'綠茶',443),
(371,444,'綠茶',444),
(372,445,'紅茶',445),
(373,446,'紅茶',446),
(374,447,'綠茶',447),
(375,448,'綠茶',448),
(376,449,'綠茶',449),
(377,450,'紅茶',450),
(378,451,'紅茶',451),
(379,454,'綠茶',454),
(380,455,'綠茶',455),
(381,461,'綠茶',461),
(382,473,'冰沙',473),
(383,476,'綠茶',476),
(384,478,'奶茶',478),
(385,479,'奶茶',479),
(386,480,'奶茶',480),
(387,481,'奶茶',481),
(388,482,'奶茶',482),
(389,483,'奶茶',483),
(390,484,'奶茶',484),
(391,484,'綠茶',484),
(392,485,'奶茶',485),
(393,485,'綠茶',485),
(394,486,'奶茶',486),
(395,487,'奶茶',487),
(396,488,'奶茶',488),
(397,489,'奶茶',489),
(398,490,'奶茶',490),
(399,491,'奶茶',491),
(400,492,'奶茶',492),
(401,493,'奶茶',493),
(402,494,'奶茶',494),
(403,496,'奶茶',496),
(404,496,'綠茶',496),
(405,497,'綠茶',497),
(406,497,'奶茶',497),
(407,498,'奶茶',498),
(408,499,'奶茶',499),
(409,500,'可可',500),
(410,501,'可可',501),
(411,502,'可可',502),
(412,503,'可可',503),
(413,504,'抹茶',504),
(414,505,'抹茶',505),
(415,506,'抹茶',506),
(416,509,'奶茶',509),
(417,515,'奶茶',515),
(418,516,'奶茶',516),
(419,517,'可可',517),
(420,518,'可可',518),
(421,519,'可可',519);

/*Table structure for table `temp_level` */

DROP TABLE IF EXISTS `temp_level`;

CREATE TABLE `temp_level` (
  `temp_id` int NOT NULL,
  `temp_level` varchar(255) DEFAULT NULL,
  PRIMARY KEY (`temp_id`)
) ENGINE=InnoDB DEFAULT CHARSET=utf8;

/*Data for the table `temp_level` */

insert  into `temp_level`(`temp_id`,`temp_level`) values 
(1,'正常冰'),
(2,'少冰'),
(3,'微冰'),
(4,'去冰'),
(5,'溫'),
(6,'熱');

/*Table structure for table `temp_limit` */

DROP TABLE IF EXISTS `temp_limit`;

CREATE TABLE `temp_limit` (
  `tl_sql` int NOT NULL AUTO_INCREMENT,
  `product_id` int DEFAULT NULL,
  `temp_id` int DEFAULT NULL,
  `FK_DrinkBean_product_id` int DEFAULT NULL,
  `FK_TempLevelBean_temp_id` int DEFAULT NULL,
  `enabled` tinyint(1) DEFAULT '1',
  PRIMARY KEY (`tl_sql`),
  KEY `FK5rn9y50yt9hodlfpxydw4xl2d` (`FK_DrinkBean_product_id`),
  KEY `FK3aeyuabyuv0wvxjk9s6nc3su4` (`FK_TempLevelBean_temp_id`),
  CONSTRAINT `FK3aeyuabyuv0wvxjk9s6nc3su4` FOREIGN KEY (`FK_TempLevelBean_temp_id`) REFERENCES `temp_level` (`temp_id`),
  CONSTRAINT `FK5rn9y50yt9hodlfpxydw4xl2d` FOREIGN KEY (`FK_DrinkBean_product_id`) REFERENCES `product` (`product_id`)
) ENGINE=InnoDB AUTO_INCREMENT=2651 DEFAULT CHARSET=utf8;

/*Data for the table `temp_limit` */

insert  into `temp_limit`(`tl_sql`,`product_id`,`temp_id`,`FK_DrinkBean_product_id`,`FK_TempLevelBean_temp_id`,`enabled`) values 
(1,1,1,1,1,1),
(2,1,2,1,2,1),
(3,1,3,1,3,1),
(4,1,4,1,4,1),
(5,1,5,1,5,1),
(6,1,6,1,6,1),
(7,2,1,2,1,1),
(8,2,2,2,2,1),
(9,2,3,2,3,1),
(10,2,4,2,4,1),
(11,2,5,2,5,1),
(12,2,6,2,6,1),
(13,3,1,3,1,1),
(14,3,2,3,2,1),
(15,3,3,3,3,1),
(16,3,4,3,4,1),
(17,3,5,3,5,1),
(18,3,6,3,6,1),
(19,4,1,4,1,1),
(20,4,2,4,2,1),
(21,4,3,4,3,1),
(22,4,4,4,4,1),
(23,4,5,4,5,1),
(24,4,6,4,6,1),
(25,5,1,5,1,1),
(26,5,2,5,2,1),
(27,5,3,5,3,1),
(28,5,4,5,4,1),
(29,5,5,5,5,1),
(30,5,6,5,6,1),
(31,6,1,6,1,1),
(32,6,2,6,2,1),
(33,6,3,6,3,1),
(34,6,4,6,4,1),
(35,6,5,6,5,1),
(36,6,6,6,6,1),
(37,7,1,7,1,1),
(38,7,2,7,2,1),
(39,7,3,7,3,1),
(40,7,4,7,4,1),
(41,7,5,7,5,1),
(42,7,6,7,6,1),
(43,8,1,8,1,1),
(44,8,2,8,2,1),
(45,8,3,8,3,1),
(46,8,4,8,4,1),
(47,8,5,8,5,1),
(48,8,6,8,6,1),
(49,9,1,9,1,1),
(50,9,2,9,2,1),
(51,9,3,9,3,1),
(52,9,4,9,4,1),
(53,9,5,9,5,1),
(54,9,6,9,6,1),
(55,10,1,10,1,1),
(56,10,2,10,2,1),
(57,10,3,10,3,1),
(58,10,4,10,4,1),
(59,10,5,10,5,1),
(60,10,6,10,6,1),
(61,11,1,11,1,1),
(62,11,2,11,2,1),
(63,11,3,11,3,1),
(64,11,4,11,4,1),
(65,11,5,11,5,1),
(66,11,6,11,6,1),
(67,12,1,12,1,1),
(68,12,2,12,2,1),
(69,12,3,12,3,1),
(70,12,4,12,4,1),
(71,12,5,12,5,1),
(72,12,6,12,6,1),
(73,13,1,13,1,1),
(74,13,2,13,2,1),
(75,13,3,13,3,1),
(76,13,4,13,4,1),
(77,13,5,13,5,1),
(78,13,6,13,6,1),
(79,14,1,14,1,1),
(80,14,2,14,2,1),
(81,14,3,14,3,1),
(82,14,4,14,4,1),
(83,14,5,14,5,1),
(84,14,6,14,6,1),
(85,15,1,15,1,1),
(86,15,2,15,2,1),
(87,15,3,15,3,1),
(88,15,4,15,4,1),
(89,15,5,15,5,1),
(90,15,6,15,6,1),
(91,16,1,16,1,1),
(92,16,2,16,2,1),
(93,16,3,16,3,1),
(94,16,4,16,4,1),
(95,16,5,16,5,1),
(96,16,6,16,6,1),
(97,17,1,17,1,1),
(98,17,2,17,2,1),
(99,17,3,17,3,1),
(100,17,4,17,4,1),
(101,18,1,18,1,1),
(102,18,2,18,2,1),
(103,18,3,18,3,1),
(104,18,4,18,4,1),
(105,19,1,19,1,1),
(106,19,2,19,2,1),
(107,19,3,19,3,1),
(108,19,4,19,4,1),
(109,20,1,20,1,1),
(110,20,2,20,2,1),
(111,20,3,20,3,1),
(112,20,4,20,4,1),
(113,21,1,21,1,1),
(114,21,2,21,2,1),
(115,21,3,21,3,1),
(116,21,4,21,4,1),
(117,21,5,21,5,1),
(118,21,6,21,6,1),
(119,22,1,22,1,1),
(120,22,2,22,2,1),
(121,22,3,22,3,1),
(122,22,4,22,4,1),
(123,22,5,22,5,1),
(124,22,6,22,6,1),
(125,23,1,23,1,1),
(126,23,2,23,2,1),
(127,23,3,23,3,1),
(128,23,4,23,4,1),
(129,24,1,24,1,1),
(130,24,2,24,2,1),
(131,24,3,24,3,1),
(132,24,4,24,4,1),
(133,25,1,25,1,1),
(134,25,2,25,2,1),
(135,25,3,25,3,1),
(136,25,4,25,4,1),
(137,25,5,25,5,1),
(138,25,6,25,6,1),
(139,26,1,26,1,1),
(140,26,2,26,2,1),
(141,26,3,26,3,1),
(142,26,4,26,4,1),
(143,26,5,26,5,1),
(144,26,6,26,6,1),
(145,27,1,27,1,1),
(146,27,2,27,2,1),
(147,27,3,27,3,1),
(148,27,4,27,4,1),
(149,27,5,27,5,1),
(150,27,6,27,6,1),
(151,28,1,28,1,1),
(152,28,2,28,2,1),
(153,28,3,28,3,1),
(154,28,4,28,4,1),
(155,28,5,28,5,1),
(156,28,6,28,6,1),
(157,29,1,29,1,1),
(158,29,2,29,2,1),
(159,29,3,29,3,1),
(160,29,4,29,4,1),
(161,29,5,29,5,1),
(162,29,6,29,6,1),
(163,30,1,30,1,1),
(164,30,2,30,2,1),
(165,30,3,30,3,1),
(166,30,4,30,4,1),
(167,30,5,30,5,1),
(168,30,6,30,6,1),
(169,31,1,31,1,1),
(170,31,2,31,2,1),
(171,31,3,31,3,1),
(172,31,4,31,4,1),
(173,31,5,31,5,1),
(174,31,6,31,6,1),
(175,32,1,32,1,1),
(176,32,2,32,2,1),
(177,32,3,32,3,1),
(178,32,4,32,4,1),
(179,32,5,32,5,1),
(180,32,6,32,6,1),
(181,33,1,33,1,1),
(182,33,2,33,2,1),
(183,33,3,33,3,1),
(184,33,4,33,4,1),
(185,33,5,33,5,1),
(186,33,6,33,6,1),
(187,34,1,34,1,1),
(188,34,2,34,2,1),
(189,34,3,34,3,1),
(190,34,4,34,4,1),
(191,34,5,34,5,1),
(192,34,6,34,6,1),
(193,35,1,35,1,1),
(194,35,2,35,2,1),
(195,35,3,35,3,1),
(196,35,4,35,4,1),
(197,35,5,35,5,1),
(198,35,6,35,6,1),
(199,36,1,36,1,1),
(200,36,2,36,2,1),
(201,36,3,36,3,1),
(202,36,4,36,4,1),
(203,36,5,36,5,1),
(204,36,6,36,6,1),
(205,37,1,37,1,1),
(206,37,2,37,2,1),
(207,37,3,37,3,1),
(208,37,4,37,4,1),
(209,37,5,37,5,1),
(210,37,6,37,6,1),
(211,38,1,38,1,1),
(212,38,2,38,2,1),
(213,38,3,38,3,1),
(214,38,4,38,4,1),
(215,38,5,38,5,1),
(216,38,6,38,6,1),
(217,39,1,39,1,1),
(218,39,2,39,2,1),
(219,39,3,39,3,1),
(220,39,4,39,4,1),
(221,39,5,39,5,1),
(222,39,6,39,6,1),
(223,40,1,40,1,1),
(224,40,2,40,2,1),
(225,40,3,40,3,1),
(226,40,4,40,4,1),
(227,40,5,40,5,1),
(228,40,6,40,6,1),
(229,41,1,41,1,1),
(230,41,2,41,2,1),
(231,41,3,41,3,1),
(232,41,4,41,4,1),
(233,41,5,41,5,1),
(234,41,6,41,6,1),
(235,42,1,42,1,1),
(236,42,2,42,2,1),
(237,42,3,42,3,1),
(238,42,4,42,4,1),
(239,42,5,42,5,1),
(240,42,6,42,6,1),
(241,43,1,43,1,1),
(242,43,2,43,2,1),
(243,43,3,43,3,1),
(244,43,4,43,4,1),
(245,43,5,43,5,1),
(246,43,6,43,6,1),
(247,44,1,44,1,1),
(248,44,2,44,2,1),
(249,44,3,44,3,1),
(250,44,4,44,4,1),
(251,44,5,44,5,1),
(252,44,6,44,6,1),
(253,45,1,45,1,1),
(254,45,2,45,2,1),
(255,45,3,45,3,1),
(256,45,4,45,4,1),
(257,45,5,45,5,1),
(258,45,6,45,6,1),
(259,46,1,46,1,1),
(260,46,2,46,2,1),
(261,46,3,46,3,1),
(262,46,4,46,4,1),
(263,46,5,46,5,1),
(264,46,6,46,6,1),
(265,47,1,47,1,1),
(266,47,2,47,2,1),
(267,47,3,47,3,1),
(268,47,4,47,4,1),
(269,47,5,47,5,1),
(270,47,6,47,6,1),
(271,48,1,48,1,1),
(272,48,2,48,2,1),
(273,48,3,48,3,1),
(274,48,4,48,4,1),
(275,48,5,48,5,1),
(276,48,6,48,6,1),
(277,49,1,49,1,1),
(278,49,2,49,2,1),
(279,49,3,49,3,1),
(280,49,4,49,4,1),
(281,49,5,49,5,1),
(282,49,6,49,6,1),
(283,50,1,50,1,1),
(284,50,2,50,2,1),
(285,50,3,50,3,1),
(286,50,4,50,4,1),
(287,50,5,50,5,1),
(288,50,6,50,6,1),
(289,51,1,51,1,1),
(290,51,2,51,2,1),
(291,51,3,51,3,1),
(292,51,4,51,4,1),
(293,51,5,51,5,1),
(294,51,6,51,6,1),
(295,52,1,52,1,1),
(296,52,2,52,2,1),
(297,52,3,52,3,1),
(298,52,4,52,4,1),
(299,52,5,52,5,1),
(300,52,6,52,6,1),
(301,53,1,53,1,1),
(302,53,2,53,2,1),
(303,53,3,53,3,1),
(304,53,4,53,4,1),
(305,53,5,53,5,1),
(306,53,6,53,6,1),
(307,54,1,54,1,1),
(308,54,2,54,2,1),
(309,54,3,54,3,1),
(310,54,4,54,4,1),
(311,54,5,54,5,1),
(312,54,6,54,6,1),
(313,55,1,55,1,1),
(314,55,2,55,2,1),
(315,55,3,55,3,1),
(316,55,4,55,4,1),
(317,55,5,55,5,1),
(318,55,6,55,6,1),
(319,56,1,56,1,1),
(320,56,2,56,2,1),
(321,56,3,56,3,1),
(322,56,4,56,4,1),
(323,56,5,56,5,1),
(324,56,6,56,6,1),
(325,57,1,57,1,1),
(326,57,2,57,2,1),
(327,57,3,57,3,1),
(328,57,4,57,4,1),
(329,57,5,57,5,1),
(330,57,6,57,6,1),
(331,58,1,58,1,1),
(332,58,2,58,2,1),
(333,58,3,58,3,1),
(334,58,4,58,4,1),
(335,58,5,58,5,1),
(336,58,6,58,6,1),
(337,59,1,59,1,1),
(338,59,2,59,2,1),
(339,59,3,59,3,1),
(340,59,4,59,4,1),
(341,59,5,59,5,1),
(342,59,6,59,6,1),
(343,60,1,60,1,1),
(344,60,2,60,2,1),
(345,60,3,60,3,1),
(346,60,4,60,4,1),
(347,60,5,60,5,1),
(348,60,6,60,6,1),
(349,61,1,61,1,1),
(350,61,2,61,2,1),
(351,61,3,61,3,1),
(352,61,4,61,4,1),
(353,61,5,61,5,1),
(354,61,6,61,6,1),
(355,62,1,62,1,1),
(356,62,2,62,2,1),
(357,62,3,62,3,1),
(358,62,4,62,4,1),
(359,62,5,62,5,1),
(360,62,6,62,6,1),
(361,63,1,63,1,1),
(362,63,2,63,2,1),
(363,63,3,63,3,1),
(364,63,4,63,4,1),
(365,63,5,63,5,1),
(366,63,6,63,6,1),
(367,64,1,64,1,1),
(368,64,2,64,2,1),
(369,64,3,64,3,1),
(370,64,4,64,4,1),
(371,64,5,64,5,1),
(372,64,6,64,6,1),
(373,65,1,65,1,1),
(374,65,2,65,2,1),
(375,65,3,65,3,1),
(376,65,4,65,4,1),
(377,65,5,65,5,1),
(378,65,6,65,6,1),
(379,66,1,66,1,1),
(380,66,2,66,2,1),
(381,66,3,66,3,1),
(382,66,4,66,4,1),
(383,66,5,66,5,1),
(384,66,6,66,6,1),
(385,67,1,67,1,1),
(386,67,2,67,2,1),
(387,67,3,67,3,1),
(388,67,4,67,4,1),
(389,67,5,67,5,1),
(390,67,6,67,6,1),
(391,68,1,68,1,1),
(392,68,2,68,2,1),
(393,68,3,68,3,1),
(394,68,4,68,4,1),
(395,68,5,68,5,1),
(396,68,6,68,6,1),
(397,69,1,69,1,1),
(398,69,2,69,2,1),
(399,69,3,69,3,1),
(400,69,4,69,4,1),
(401,69,5,69,5,1),
(402,69,6,69,6,1),
(403,70,1,70,1,1),
(404,70,2,70,2,1),
(405,70,3,70,3,1),
(406,70,4,70,4,1),
(407,70,5,70,5,1),
(408,70,6,70,6,1),
(409,71,1,71,1,1),
(410,71,2,71,2,1),
(411,71,3,71,3,1),
(412,71,4,71,4,1),
(413,71,5,71,5,1),
(414,71,6,71,6,1),
(415,72,1,72,1,1),
(416,72,2,72,2,1),
(417,72,3,72,3,1),
(418,72,4,72,4,1),
(419,72,5,72,5,1),
(420,72,6,72,6,1),
(421,73,1,73,1,1),
(422,73,2,73,2,1),
(423,73,3,73,3,1),
(424,73,4,73,4,1),
(425,73,5,73,5,1),
(426,73,6,73,6,1),
(427,74,1,74,1,1),
(428,74,2,74,2,1),
(429,74,3,74,3,1),
(430,74,4,74,4,1),
(431,74,5,74,5,1),
(432,74,6,74,6,1),
(433,75,1,75,1,1),
(434,75,2,75,2,1),
(435,75,3,75,3,1),
(436,75,4,75,4,1),
(437,75,5,75,5,1),
(438,75,6,75,6,1),
(439,76,1,76,1,1),
(440,76,2,76,2,1),
(441,76,3,76,3,1),
(442,76,4,76,4,1),
(443,76,5,76,5,1),
(444,76,6,76,6,1),
(445,77,1,77,1,1),
(446,77,2,77,2,1),
(447,77,3,77,3,1),
(448,77,4,77,4,1),
(449,77,5,77,5,1),
(450,77,6,77,6,1),
(451,78,1,78,1,1),
(452,78,2,78,2,1),
(453,78,3,78,3,1),
(454,78,4,78,4,1),
(455,78,5,78,5,1),
(456,78,6,78,6,1),
(457,79,1,79,1,1),
(458,79,2,79,2,1),
(459,79,3,79,3,1),
(460,79,4,79,4,1),
(461,79,5,79,5,1),
(462,79,6,79,6,1),
(463,80,1,80,1,1),
(464,80,2,80,2,1),
(465,80,3,80,3,1),
(466,80,4,80,4,1),
(467,80,5,80,5,1),
(468,80,6,80,6,1),
(469,81,1,81,1,1),
(470,81,2,81,2,1),
(471,81,3,81,3,1),
(472,81,4,81,4,1),
(473,81,5,81,5,1),
(474,81,6,81,6,1),
(475,82,1,82,1,1),
(476,82,2,82,2,1),
(477,82,3,82,3,1),
(478,82,4,82,4,1),
(479,82,5,82,5,1),
(480,82,6,82,6,1),
(481,83,1,83,1,1),
(482,83,2,83,2,1),
(483,83,3,83,3,1),
(484,83,4,83,4,1),
(485,83,5,83,5,1),
(486,83,6,83,6,1),
(487,84,1,84,1,1),
(488,84,2,84,2,1),
(489,84,3,84,3,1),
(490,84,4,84,4,1),
(491,84,5,84,5,1),
(492,84,6,84,6,1),
(493,85,1,85,1,1),
(494,85,2,85,2,1),
(495,85,3,85,3,1),
(496,85,4,85,4,1),
(497,85,5,85,5,1),
(498,85,6,85,6,1),
(499,86,1,86,1,1),
(500,86,2,86,2,1),
(501,86,3,86,3,1),
(502,86,4,86,4,1),
(503,86,5,86,5,1),
(504,86,6,86,6,1),
(505,87,1,87,1,1),
(506,87,2,87,2,1),
(507,87,3,87,3,1),
(508,87,4,87,4,1),
(509,87,5,87,5,1),
(510,87,6,87,6,1),
(511,88,1,88,1,1),
(512,88,2,88,2,1),
(513,88,3,88,3,1),
(514,88,4,88,4,1),
(515,88,5,88,5,1),
(516,88,6,88,6,1),
(517,89,1,89,1,1),
(518,89,2,89,2,1),
(519,89,3,89,3,1),
(520,89,4,89,4,1),
(521,90,1,90,1,1),
(522,90,2,90,2,1),
(523,90,3,90,3,1),
(524,90,4,90,4,1),
(525,91,1,91,1,1),
(526,91,2,91,2,1),
(527,91,3,91,3,1),
(528,91,4,91,4,1),
(529,91,5,91,5,1),
(530,91,6,91,6,1),
(531,92,1,92,1,1),
(532,92,2,92,2,1),
(533,92,3,92,3,1),
(534,92,4,92,4,1),
(535,92,5,92,5,1),
(536,92,6,92,6,1),
(537,93,1,93,1,1),
(538,93,2,93,2,1),
(539,93,3,93,3,1),
(540,93,4,93,4,1),
(541,94,1,94,1,1),
(542,94,2,94,2,1),
(543,94,3,94,3,1),
(544,94,4,94,4,1),
(545,95,1,95,1,1),
(546,95,2,95,2,1),
(547,95,3,95,3,1),
(548,95,4,95,4,1),
(549,96,1,96,1,1),
(550,96,2,96,2,1),
(551,96,3,96,3,1),
(552,96,4,96,4,1),
(553,97,1,97,1,1),
(554,97,2,97,2,1),
(555,97,3,97,3,1),
(556,97,4,97,4,1),
(557,97,5,97,5,1),
(558,97,6,97,6,1),
(559,98,1,98,1,1),
(560,98,2,98,2,1),
(561,98,3,98,3,1),
(562,98,4,98,4,1),
(563,98,5,98,5,1),
(564,98,6,98,6,1),
(565,99,1,99,1,1),
(566,99,2,99,2,1),
(567,99,3,99,3,1),
(568,99,4,99,4,1),
(569,99,5,99,5,1),
(570,99,6,99,6,1),
(571,100,1,100,1,1),
(572,100,2,100,2,1),
(573,100,3,100,3,1),
(574,100,4,100,4,1),
(575,100,5,100,5,1),
(576,100,6,100,6,1),
(577,101,1,101,1,1),
(578,101,2,101,2,1),
(579,101,3,101,3,1),
(580,101,4,101,4,1),
(581,101,5,101,5,1),
(582,101,6,101,6,1),
(583,102,1,102,1,1),
(584,102,2,102,2,1),
(585,102,3,102,3,1),
(586,102,4,102,4,1),
(587,102,5,102,5,1),
(588,102,6,102,6,1),
(589,103,1,103,1,1),
(590,103,2,103,2,1),
(591,103,3,103,3,1),
(592,103,4,103,4,1),
(593,103,5,103,5,1),
(594,103,6,103,6,1),
(595,104,1,104,1,1),
(596,104,2,104,2,1),
(597,104,3,104,3,1),
(598,104,4,104,4,1),
(599,104,5,104,5,1),
(600,104,6,104,6,1),
(601,105,1,105,1,1),
(602,105,2,105,2,1),
(603,105,3,105,3,1),
(604,105,4,105,4,1),
(605,105,5,105,5,1),
(606,105,6,105,6,1),
(607,106,1,106,1,1),
(608,106,2,106,2,1),
(609,106,3,106,3,1),
(610,106,4,106,4,1),
(611,106,5,106,5,1),
(612,106,6,106,6,1),
(613,107,1,107,1,1),
(614,107,2,107,2,1),
(615,107,3,107,3,1),
(616,107,4,107,4,1),
(617,107,5,107,5,1),
(618,107,6,107,6,1),
(619,108,1,108,1,1),
(620,108,2,108,2,1),
(621,108,3,108,3,1),
(622,108,4,108,4,1),
(623,108,5,108,5,1),
(624,108,6,108,6,1),
(625,109,1,109,1,1),
(626,109,2,109,2,1),
(627,109,3,109,3,1),
(628,109,4,109,4,1),
(629,109,5,109,5,1),
(630,109,6,109,6,1),
(631,110,1,110,1,1),
(632,110,2,110,2,1),
(633,110,3,110,3,1),
(634,110,4,110,4,1),
(635,110,5,110,5,1),
(636,110,6,110,6,1),
(637,111,1,111,1,1),
(638,111,2,111,2,1),
(639,111,3,111,3,1),
(640,111,4,111,4,1),
(641,111,5,111,5,1),
(642,111,6,111,6,1),
(643,112,1,112,1,1),
(644,112,2,112,2,1),
(645,112,3,112,3,1),
(646,112,4,112,4,1),
(647,112,5,112,5,1),
(648,112,6,112,6,1),
(649,113,1,113,1,1),
(650,113,2,113,2,1),
(651,113,3,113,3,1),
(652,113,4,113,4,1),
(653,113,5,113,5,1),
(654,113,6,113,6,1),
(655,114,1,114,1,1),
(656,114,2,114,2,1),
(657,114,3,114,3,1),
(658,114,4,114,4,1),
(659,114,5,114,5,1),
(660,114,6,114,6,1),
(661,115,1,115,1,1),
(662,115,2,115,2,1),
(663,115,3,115,3,1),
(664,115,4,115,4,1),
(665,116,1,116,1,1),
(666,116,2,116,2,1),
(667,116,3,116,3,1),
(668,116,4,116,4,1),
(669,117,1,117,1,1),
(670,117,2,117,2,1),
(671,117,3,117,3,1),
(672,117,4,117,4,1),
(673,117,5,117,5,1),
(674,117,6,117,6,1),
(675,118,1,118,1,1),
(676,118,2,118,2,1),
(677,118,3,118,3,1),
(678,118,4,118,4,1),
(679,118,5,118,5,1),
(680,118,6,118,6,1),
(681,119,1,119,1,1),
(682,119,2,119,2,1),
(683,119,3,119,3,1),
(684,119,4,119,4,1),
(685,120,1,120,1,1),
(686,120,2,120,2,1),
(687,120,3,120,3,1),
(688,120,4,120,4,1),
(689,121,1,121,1,1),
(690,121,2,121,2,1),
(691,121,3,121,3,1),
(692,121,4,121,4,1),
(693,122,1,122,1,1),
(694,122,2,122,2,1),
(695,122,3,122,3,1),
(696,122,4,122,4,1),
(697,123,1,123,1,1),
(698,123,2,123,2,1),
(699,123,3,123,3,1),
(700,123,4,123,4,1),
(701,123,5,123,5,1),
(702,123,6,123,6,1),
(703,124,1,124,1,1),
(704,124,2,124,2,1),
(705,124,3,124,3,1),
(706,124,4,124,4,1),
(707,124,5,124,5,1),
(708,124,6,124,6,1),
(709,125,1,125,1,1),
(710,125,2,125,2,1),
(711,125,3,125,3,1),
(712,125,4,125,4,1),
(713,125,5,125,5,1),
(714,125,6,125,6,1),
(715,126,1,126,1,1),
(716,126,2,126,2,1),
(717,126,3,126,3,1),
(718,126,4,126,4,1),
(719,126,5,126,5,1),
(720,126,6,126,6,1),
(721,127,1,127,1,1),
(722,127,2,127,2,1),
(723,127,3,127,3,1),
(724,127,4,127,4,1),
(725,127,5,127,5,1),
(726,127,6,127,6,1),
(727,128,1,128,1,1),
(728,128,2,128,2,1),
(729,128,3,128,3,1),
(730,128,4,128,4,1),
(731,128,5,128,5,1),
(732,128,6,128,6,1),
(733,129,1,129,1,1),
(734,129,2,129,2,1),
(735,129,3,129,3,1),
(736,129,4,129,4,1),
(737,129,5,129,5,1),
(738,129,6,129,6,1),
(739,130,1,130,1,1),
(740,130,2,130,2,1),
(741,130,3,130,3,1),
(742,130,4,130,4,1),
(743,130,5,130,5,1),
(744,130,6,130,6,1),
(745,131,1,131,1,1),
(746,131,2,131,2,1),
(747,131,3,131,3,1),
(748,131,4,131,4,1),
(749,131,5,131,5,1),
(750,131,6,131,6,1),
(751,132,1,132,1,1),
(752,132,2,132,2,1),
(753,132,3,132,3,1),
(754,132,4,132,4,1),
(755,132,5,132,5,1),
(756,132,6,132,6,1),
(757,133,1,133,1,1),
(758,133,2,133,2,1),
(759,133,3,133,3,1),
(760,133,4,133,4,1),
(761,133,5,133,5,1),
(762,133,6,133,6,1),
(763,134,1,134,1,1),
(764,134,2,134,2,1),
(765,134,3,134,3,1),
(766,134,4,134,4,1),
(767,134,5,134,5,1),
(768,134,6,134,6,1),
(769,135,1,135,1,1),
(770,135,2,135,2,1),
(771,135,3,135,3,1),
(772,135,4,135,4,1),
(773,135,5,135,5,1),
(774,135,6,135,6,1),
(775,136,1,136,1,1),
(776,136,2,136,2,1),
(777,136,3,136,3,1),
(778,136,4,136,4,1),
(779,136,5,136,5,1),
(780,136,6,136,6,1),
(781,137,1,137,1,1),
(782,137,2,137,2,1),
(783,137,3,137,3,1),
(784,137,4,137,4,1),
(785,137,5,137,5,1),
(786,137,6,137,6,1),
(787,138,1,138,1,1),
(788,138,2,138,2,1),
(789,138,3,138,3,1),
(790,138,4,138,4,1),
(791,138,5,138,5,1),
(792,138,6,138,6,1),
(793,139,1,139,1,1),
(794,139,2,139,2,1),
(795,139,3,139,3,1),
(796,139,4,139,4,1),
(797,139,5,139,5,1),
(798,139,6,139,6,1),
(799,140,1,140,1,1),
(800,140,2,140,2,1),
(801,140,3,140,3,1),
(802,140,4,140,4,1),
(803,140,5,140,5,1),
(804,140,6,140,6,1),
(805,141,1,141,1,1),
(806,141,2,141,2,1),
(807,141,3,141,3,1),
(808,141,4,141,4,1),
(809,141,5,141,5,1),
(810,141,6,141,6,1),
(811,142,1,142,1,1),
(812,142,2,142,2,1),
(813,142,3,142,3,1),
(814,142,4,142,4,1),
(815,142,5,142,5,1),
(816,142,6,142,6,1),
(817,143,1,143,1,1),
(818,143,2,143,2,1),
(819,143,3,143,3,1),
(820,143,4,143,4,1),
(821,143,5,143,5,1),
(822,143,6,143,6,1),
(823,144,1,144,1,1),
(824,144,2,144,2,1),
(825,144,3,144,3,1),
(826,144,4,144,4,1),
(827,144,5,144,5,1),
(828,144,6,144,6,1),
(829,145,1,145,1,1),
(830,145,2,145,2,1),
(831,145,3,145,3,1),
(832,145,4,145,4,1),
(833,145,5,145,5,1),
(834,145,6,145,6,1),
(835,146,1,146,1,1),
(836,146,2,146,2,1),
(837,146,3,146,3,1),
(838,146,4,146,4,1),
(839,146,5,146,5,1),
(840,146,6,146,6,1),
(841,147,1,147,1,1),
(842,148,1,148,1,1),
(843,149,1,149,1,1),
(844,149,2,149,2,1),
(845,149,3,149,3,1),
(846,149,4,149,4,1),
(847,149,5,149,5,1),
(848,149,6,149,6,1),
(849,150,1,150,1,1),
(850,150,2,150,2,1),
(851,150,3,150,3,1),
(852,150,4,150,4,1),
(853,150,5,150,5,1),
(854,150,6,150,6,1),
(855,151,1,151,1,1),
(856,151,2,151,2,1),
(857,151,3,151,3,1),
(858,151,4,151,4,1),
(859,151,5,151,5,1),
(860,151,6,151,6,1),
(861,152,1,152,1,1),
(862,152,2,152,2,1),
(863,152,3,152,3,1),
(864,152,4,152,4,1),
(865,152,5,152,5,1),
(866,152,6,152,6,1),
(867,153,1,153,1,1),
(868,153,2,153,2,1),
(869,153,3,153,3,1),
(870,153,4,153,4,1),
(871,153,5,153,5,1),
(872,153,6,153,6,1),
(873,154,1,154,1,1),
(874,154,2,154,2,1),
(875,154,3,154,3,1),
(876,154,4,154,4,1),
(877,154,5,154,5,1),
(878,154,6,154,6,1),
(879,155,1,155,1,1),
(880,155,2,155,2,1),
(881,155,3,155,3,1),
(882,155,4,155,4,1),
(883,155,5,155,5,1),
(884,155,6,155,6,1),
(885,156,1,156,1,1),
(886,156,2,156,2,1),
(887,156,3,156,3,1),
(888,156,4,156,4,1),
(889,156,5,156,5,1),
(890,156,6,156,6,1),
(891,157,1,157,1,1),
(892,157,2,157,2,1),
(893,157,3,157,3,1),
(894,157,4,157,4,1),
(895,158,1,158,1,1),
(896,158,2,158,2,1),
(897,158,3,158,3,1),
(898,158,4,158,4,1),
(899,159,1,159,1,1),
(900,159,2,159,2,1),
(901,159,3,159,3,1),
(902,159,4,159,4,1),
(903,160,1,160,1,1),
(904,160,2,160,2,1),
(905,160,3,160,3,1),
(906,160,4,160,4,1),
(907,161,1,161,1,1),
(908,161,5,161,5,1),
(909,161,6,161,6,1),
(910,162,1,162,1,1),
(911,163,1,163,1,1),
(912,163,2,163,2,1),
(913,163,3,163,3,1),
(914,163,4,163,4,1),
(915,163,5,163,5,1),
(916,163,6,163,6,1),
(917,164,1,164,1,1),
(918,164,2,164,2,1),
(919,164,3,164,3,1),
(920,164,4,164,4,1),
(921,164,5,164,5,1),
(922,164,6,164,6,1),
(923,165,1,165,1,1),
(924,165,2,165,2,1),
(925,165,3,165,3,1),
(926,165,4,165,4,1),
(927,165,5,165,5,1),
(928,165,6,165,6,1),
(929,166,1,166,1,1),
(930,166,2,166,2,1),
(931,166,3,166,3,1),
(932,166,4,166,4,1),
(933,166,5,166,5,1),
(934,166,6,166,6,1),
(935,167,1,167,1,1),
(936,167,2,167,2,1),
(937,167,3,167,3,1),
(938,167,4,167,4,1),
(939,167,5,167,5,1),
(940,167,6,167,6,1),
(941,168,1,168,1,1),
(942,168,2,168,2,1),
(943,168,3,168,3,1),
(944,168,4,168,4,1),
(945,168,5,168,5,1),
(946,168,6,168,6,1),
(947,169,1,169,1,1),
(948,169,2,169,2,1),
(949,169,3,169,3,1),
(950,169,4,169,4,1),
(951,169,5,169,5,1),
(952,169,6,169,6,1),
(953,170,1,170,1,1),
(954,170,2,170,2,1),
(955,170,3,170,3,1),
(956,170,4,170,4,1),
(957,170,5,170,5,1),
(958,170,6,170,6,1),
(959,171,1,171,1,1),
(960,171,2,171,2,1),
(961,171,3,171,3,1),
(962,171,4,171,4,1),
(963,171,5,171,5,1),
(964,171,6,171,6,1),
(965,172,1,172,1,1),
(966,172,2,172,2,1),
(967,172,3,172,3,1),
(968,172,4,172,4,1),
(969,172,5,172,5,1),
(970,172,6,172,6,1),
(971,173,1,173,1,1),
(972,173,2,173,2,1),
(973,173,3,173,3,1),
(974,173,4,173,4,1),
(975,173,5,173,5,1),
(976,173,6,173,6,1),
(977,174,1,174,1,1),
(978,174,2,174,2,1),
(979,174,3,174,3,1),
(980,174,4,174,4,1),
(981,174,5,174,5,1),
(982,174,6,174,6,1),
(983,175,1,175,1,1),
(984,175,2,175,2,1),
(985,175,3,175,3,1),
(986,175,4,175,4,1),
(987,176,1,176,1,1),
(988,176,2,176,2,1),
(989,176,3,176,3,1),
(990,176,4,176,4,1),
(991,177,1,177,1,1),
(992,177,2,177,2,1),
(993,177,3,177,3,1),
(994,177,4,177,4,1),
(995,177,5,177,5,1),
(996,177,6,177,6,1),
(997,178,1,178,1,1),
(998,178,2,178,2,1),
(999,178,3,178,3,1),
(1000,178,4,178,4,1),
(1001,178,5,178,5,1),
(1002,178,6,178,6,1),
(1003,179,1,179,1,1),
(1004,179,2,179,2,1),
(1005,179,3,179,3,1),
(1006,179,4,179,4,1),
(1007,179,5,179,5,1),
(1008,179,6,179,6,1),
(1009,180,1,180,1,1),
(1010,180,2,180,2,1),
(1011,180,3,180,3,1),
(1012,180,4,180,4,1),
(1013,180,5,180,5,1),
(1014,180,6,180,6,1),
(1015,181,1,181,1,1),
(1016,181,2,181,2,1),
(1017,181,3,181,3,1),
(1018,181,4,181,4,1),
(1019,181,5,181,5,1),
(1020,181,6,181,6,1),
(1021,182,1,182,1,1),
(1022,182,2,182,2,1),
(1023,182,3,182,3,1),
(1024,182,4,182,4,1),
(1025,182,5,182,5,1),
(1026,182,6,182,6,1),
(1027,183,1,183,1,1),
(1028,183,2,183,2,1),
(1029,183,3,183,3,1),
(1030,183,4,183,4,1),
(1031,183,5,183,5,1),
(1032,183,6,183,6,1),
(1033,184,1,184,1,1),
(1034,184,2,184,2,1),
(1035,184,3,184,3,1),
(1036,184,4,184,4,1),
(1037,184,5,184,5,1),
(1038,184,6,184,6,1),
(1039,185,1,185,1,1),
(1040,185,2,185,2,1),
(1041,185,3,185,3,1),
(1042,185,4,185,4,1),
(1043,185,5,185,5,1),
(1044,185,6,185,6,1),
(1045,186,1,186,1,1),
(1046,186,2,186,2,1),
(1047,186,3,186,3,1),
(1048,186,4,186,4,1),
(1049,186,5,186,5,1),
(1050,186,6,186,6,1),
(1051,187,1,187,1,1),
(1052,187,2,187,2,1),
(1053,187,3,187,3,1),
(1054,187,4,187,4,1),
(1055,187,5,187,5,1),
(1056,187,6,187,6,1),
(1057,188,1,188,1,1),
(1058,188,2,188,2,1),
(1059,188,3,188,3,1),
(1060,188,4,188,4,1),
(1061,188,5,188,5,1),
(1062,188,6,188,6,1),
(1063,189,1,189,1,1),
(1064,189,2,189,2,1),
(1065,189,3,189,3,1),
(1066,189,4,189,4,1),
(1067,189,5,189,5,1),
(1068,189,6,189,6,1),
(1069,190,1,190,1,1),
(1070,190,2,190,2,1),
(1071,190,3,190,3,1),
(1072,190,4,190,4,1),
(1073,190,5,190,5,1),
(1074,190,6,190,6,1),
(1075,191,1,191,1,1),
(1076,191,2,191,2,1),
(1077,191,3,191,3,1),
(1078,191,4,191,4,1),
(1079,191,5,191,5,1),
(1080,191,6,191,6,1),
(1081,192,1,192,1,1),
(1082,192,2,192,2,1),
(1083,192,3,192,3,1),
(1084,192,4,192,4,1),
(1085,192,5,192,5,1),
(1086,192,6,192,6,1),
(1087,193,1,193,1,1),
(1088,193,2,193,2,1),
(1089,193,3,193,3,1),
(1090,193,4,193,4,1),
(1091,194,1,194,1,1),
(1092,194,2,194,2,1),
(1093,194,3,194,3,1),
(1094,194,4,194,4,1),
(1095,195,1,195,1,1),
(1096,195,2,195,2,1),
(1097,195,3,195,3,1),
(1098,195,4,195,4,1),
(1099,196,1,196,1,1),
(1100,196,2,196,2,1),
(1101,196,3,196,3,1),
(1102,196,4,196,4,1),
(1103,197,1,197,1,1),
(1104,197,2,197,2,1),
(1105,197,3,197,3,1),
(1106,197,4,197,4,1),
(1107,198,1,198,1,1),
(1108,198,2,198,2,1),
(1109,198,3,198,3,1),
(1110,198,4,198,4,1),
(1111,198,5,198,5,1),
(1112,198,6,198,6,1),
(1113,199,1,199,1,1),
(1114,199,2,199,2,1),
(1115,199,3,199,3,1),
(1116,199,4,199,4,1),
(1117,199,5,199,5,1),
(1118,199,6,199,6,1),
(1119,200,1,200,1,1),
(1120,200,2,200,2,1),
(1121,200,3,200,3,1),
(1122,200,4,200,4,1),
(1123,201,1,201,1,1),
(1124,201,2,201,2,1),
(1125,201,3,201,3,1),
(1126,201,4,201,4,1),
(1127,202,1,202,1,1),
(1128,202,2,202,2,1),
(1129,202,3,202,3,1),
(1130,202,4,202,4,1),
(1131,202,5,202,5,1),
(1132,202,6,202,6,1),
(1133,203,1,203,1,1),
(1134,203,2,203,2,1),
(1135,203,3,203,3,1),
(1136,203,4,203,4,1),
(1137,203,5,203,5,1),
(1138,203,6,203,6,1),
(1139,204,1,204,1,1),
(1140,204,2,204,2,1),
(1141,204,3,204,3,1),
(1142,204,4,204,4,1),
(1143,204,5,204,5,1),
(1144,204,6,204,6,1),
(1145,205,1,205,1,1),
(1146,205,2,205,2,1),
(1147,205,3,205,3,1),
(1148,205,4,205,4,1),
(1149,205,5,205,5,1),
(1150,205,6,205,6,1),
(1151,206,1,206,1,1),
(1152,206,2,206,2,1),
(1153,206,3,206,3,1),
(1154,206,4,206,4,1),
(1155,206,5,206,5,1),
(1156,206,6,206,6,1),
(1157,207,1,207,1,1),
(1158,207,2,207,2,1),
(1159,207,3,207,3,1),
(1160,207,4,207,4,1),
(1161,207,5,207,5,1),
(1162,207,6,207,6,1),
(1163,208,1,208,1,1),
(1164,208,2,208,2,1),
(1165,208,3,208,3,1),
(1166,208,4,208,4,1),
(1167,208,5,208,5,1),
(1168,208,6,208,6,1),
(1169,209,1,209,1,1),
(1170,209,2,209,2,1),
(1171,209,3,209,3,1),
(1172,209,4,209,4,1),
(1173,209,5,209,5,1),
(1174,209,6,209,6,1),
(1175,210,1,210,1,1),
(1176,210,2,210,2,1),
(1177,210,3,210,3,1),
(1178,210,4,210,4,1),
(1179,210,5,210,5,1),
(1180,210,6,210,6,1),
(1181,211,1,211,1,1),
(1182,211,2,211,2,1),
(1183,211,3,211,3,1),
(1184,211,4,211,4,1),
(1185,211,5,211,5,1),
(1186,212,1,212,1,1),
(1187,212,2,212,2,1),
(1188,212,3,212,3,1),
(1189,212,4,212,4,1),
(1190,212,5,212,5,1),
(1191,212,6,212,6,1),
(1192,213,1,213,1,1),
(1193,213,2,213,2,1),
(1194,213,3,213,3,1),
(1195,213,4,213,4,1),
(1196,213,5,213,5,1),
(1197,213,6,213,6,1),
(1198,214,1,214,1,1),
(1199,214,2,214,2,1),
(1200,214,3,214,3,1),
(1201,214,4,214,4,1),
(1202,214,5,214,5,1),
(1203,214,6,214,6,1),
(1204,215,1,215,1,1),
(1205,215,2,215,2,1),
(1206,215,3,215,3,1),
(1207,215,4,215,4,1),
(1208,215,5,215,5,1),
(1209,215,6,215,6,1),
(1210,216,1,216,1,1),
(1211,216,2,216,2,1),
(1212,216,3,216,3,1),
(1213,216,4,216,4,1),
(1214,216,5,216,5,1),
(1215,216,6,216,6,1),
(1216,217,1,217,1,1),
(1217,217,2,217,2,1),
(1218,217,3,217,3,1),
(1219,217,4,217,4,1),
(1220,217,5,217,5,1),
(1221,217,6,217,6,1),
(1222,218,1,218,1,1),
(1223,218,2,218,2,1),
(1224,218,3,218,3,1),
(1225,218,4,218,4,1),
(1226,218,5,218,5,1),
(1227,218,6,218,6,1),
(1228,219,4,219,4,1),
(1229,220,4,220,4,1),
(1230,221,4,221,4,1),
(1231,222,1,222,1,1),
(1232,222,2,222,2,1),
(1233,222,3,222,3,1),
(1234,222,4,222,4,1),
(1235,222,5,222,5,1),
(1236,222,6,222,6,1),
(1237,223,1,223,1,1),
(1238,223,2,223,2,1),
(1239,223,3,223,3,1),
(1240,223,4,223,4,1),
(1241,223,5,223,5,1),
(1242,223,6,223,6,1),
(1243,224,1,224,1,1),
(1244,224,2,224,2,1),
(1245,224,3,224,3,1),
(1246,224,4,224,4,1),
(1247,224,5,224,5,1),
(1248,224,6,224,6,1),
(1249,225,1,225,1,1),
(1250,225,2,225,2,1),
(1251,225,3,225,3,1),
(1252,225,4,225,4,1),
(1253,225,5,225,5,1),
(1254,225,6,225,6,1),
(1255,226,1,226,1,1),
(1256,226,2,226,2,1),
(1257,226,3,226,3,1),
(1258,226,4,226,4,1),
(1259,226,5,226,5,1),
(1260,226,6,226,6,1),
(1261,227,1,227,1,1),
(1262,227,2,227,2,1),
(1263,227,3,227,3,1),
(1264,227,4,227,4,1),
(1265,227,5,227,5,1),
(1266,227,6,227,6,1),
(1267,228,1,228,1,1),
(1268,228,2,228,2,1),
(1269,228,3,228,3,1),
(1270,228,4,228,4,1),
(1271,228,5,228,5,1),
(1272,228,6,228,6,1),
(1273,229,1,229,1,1),
(1274,229,2,229,2,1),
(1275,229,3,229,3,1),
(1276,229,4,229,4,1),
(1277,229,5,229,5,1),
(1278,229,6,229,6,1),
(1279,230,1,230,1,1),
(1280,230,2,230,2,1),
(1281,230,3,230,3,1),
(1282,230,4,230,4,1),
(1283,230,5,230,5,1),
(1284,230,6,230,6,1),
(1285,231,1,231,1,1),
(1286,231,2,231,2,1),
(1287,231,3,231,3,1),
(1288,231,4,231,4,1),
(1289,231,5,231,5,1),
(1290,231,6,231,6,1),
(1291,232,1,232,1,1),
(1292,232,2,232,2,1),
(1293,232,3,232,3,1),
(1294,232,4,232,4,1),
(1295,232,5,232,5,1),
(1296,232,6,232,6,1),
(1297,233,1,233,1,1),
(1298,233,2,233,2,1),
(1299,233,3,233,3,1),
(1300,233,4,233,4,1),
(1301,233,5,233,5,1),
(1302,233,6,233,6,1),
(1303,234,1,234,1,1),
(1304,234,2,234,2,1),
(1305,234,3,234,3,1),
(1306,234,4,234,4,1),
(1307,235,1,235,1,1),
(1308,235,2,235,2,1),
(1309,235,3,235,3,1),
(1310,235,4,235,4,1),
(1311,235,5,235,5,1),
(1312,235,6,235,6,1),
(1313,236,1,236,1,1),
(1314,236,2,236,2,1),
(1315,236,3,236,3,1),
(1316,236,4,236,4,1),
(1317,236,5,236,5,1),
(1318,236,6,236,6,1),
(1319,237,1,237,1,1),
(1320,237,2,237,2,1),
(1321,237,3,237,3,1),
(1322,237,4,237,4,1),
(1323,237,5,237,5,1),
(1324,237,6,237,6,1),
(1325,238,1,238,1,1),
(1326,238,2,238,2,1),
(1327,238,3,238,3,1),
(1328,238,4,238,4,1),
(1329,238,5,238,5,1),
(1330,238,6,238,6,1),
(1331,239,1,239,1,1),
(1332,239,2,239,2,1),
(1333,239,3,239,3,1),
(1334,239,4,239,4,1),
(1335,239,5,239,5,1),
(1336,239,6,239,6,1),
(1337,240,1,240,1,1),
(1338,240,2,240,2,1),
(1339,240,3,240,3,1),
(1340,240,4,240,4,1),
(1341,240,5,240,5,1),
(1342,240,6,240,6,1),
(1343,241,1,241,1,1),
(1344,241,2,241,2,1),
(1345,241,3,241,3,1),
(1346,241,4,241,4,1),
(1347,241,5,241,5,1),
(1348,241,6,241,6,1),
(1349,242,1,242,1,1),
(1350,242,2,242,2,1),
(1351,242,3,242,3,1),
(1352,242,4,242,4,1),
(1353,242,5,242,5,1),
(1354,242,6,242,6,1),
(1355,243,1,243,1,1),
(1356,243,2,243,2,1),
(1357,243,3,243,3,1),
(1358,243,4,243,4,1),
(1359,243,5,243,5,1),
(1360,243,6,243,6,1),
(1361,244,1,244,1,1),
(1362,244,2,244,2,1),
(1363,244,3,244,3,1),
(1364,244,4,244,4,1),
(1365,244,5,244,5,1),
(1366,244,6,244,6,1),
(1367,245,1,245,1,1),
(1368,245,2,245,2,1),
(1369,245,3,245,3,1),
(1370,245,4,245,4,1),
(1371,245,5,245,5,1),
(1372,245,6,245,6,1),
(1373,246,1,246,1,1),
(1374,246,2,246,2,1),
(1375,246,3,246,3,1),
(1376,246,4,246,4,1),
(1377,246,5,246,5,1),
(1378,246,6,246,6,1),
(1379,247,1,247,1,1),
(1380,247,2,247,2,1),
(1381,247,3,247,3,1),
(1382,247,4,247,4,1),
(1383,247,5,247,5,1),
(1384,247,6,247,6,1),
(1385,248,1,248,1,1),
(1386,248,2,248,2,1),
(1387,248,3,248,3,1),
(1388,248,4,248,4,1),
(1389,248,5,248,5,1),
(1390,248,6,248,6,1),
(1391,249,1,249,1,1),
(1392,249,2,249,2,1),
(1393,249,3,249,3,1),
(1394,249,4,249,4,1),
(1395,249,5,249,5,1),
(1396,249,6,249,6,1),
(1397,250,1,250,1,1),
(1398,250,2,250,2,1),
(1399,250,3,250,3,1),
(1400,250,4,250,4,1),
(1401,250,5,250,5,1),
(1402,250,6,250,6,1),
(1403,251,1,251,1,1),
(1404,251,2,251,2,1),
(1405,251,3,251,3,1),
(1406,251,4,251,4,1),
(1407,251,5,251,5,1),
(1408,251,6,251,6,1),
(1409,252,1,252,1,1),
(1410,252,2,252,2,1),
(1411,252,3,252,3,1),
(1412,252,4,252,4,1),
(1413,252,5,252,5,1),
(1414,252,6,252,6,1),
(1415,253,1,253,1,1),
(1416,253,2,253,2,1),
(1417,253,3,253,3,1),
(1418,253,4,253,4,1),
(1419,253,5,253,5,1),
(1420,253,6,253,6,1),
(1421,254,1,254,1,1),
(1422,254,2,254,2,1),
(1423,254,3,254,3,1),
(1424,254,4,254,4,1),
(1425,254,5,254,5,1),
(1426,254,6,254,6,1),
(1427,255,1,255,1,1),
(1428,256,1,256,1,1),
(1429,256,2,256,2,1),
(1430,256,3,256,3,1),
(1431,256,4,256,4,1),
(1432,257,1,257,1,1),
(1433,257,2,257,2,1),
(1434,257,3,257,3,1),
(1435,257,4,257,4,1),
(1436,257,5,257,5,1),
(1437,257,6,257,6,1),
(1438,258,1,258,1,1),
(1439,258,2,258,2,1),
(1440,258,3,258,3,1),
(1441,258,4,258,4,1),
(1442,258,5,258,5,1),
(1443,258,6,258,6,1),
(1444,259,1,259,1,1),
(1445,259,2,259,2,1),
(1446,259,3,259,3,1),
(1447,259,4,259,4,1),
(1448,260,1,260,1,1),
(1449,261,1,261,1,1),
(1450,261,2,261,2,1),
(1451,261,3,261,3,1),
(1452,261,4,261,4,1),
(1453,262,1,262,1,1),
(1454,262,2,262,2,1),
(1455,262,3,262,3,1),
(1456,262,4,262,4,1),
(1457,263,1,263,1,1),
(1458,263,2,263,2,1),
(1459,263,3,263,3,1),
(1460,263,4,263,4,1),
(1461,264,1,264,1,1),
(1462,264,2,264,2,1),
(1463,264,3,264,3,1),
(1464,264,4,264,4,1),
(1465,265,1,265,1,1),
(1466,265,2,265,2,1),
(1467,265,3,265,3,1),
(1468,265,4,265,4,1),
(1469,266,1,266,1,1),
(1470,266,2,266,2,1),
(1471,266,3,266,3,1),
(1472,266,4,266,4,1),
(1473,266,5,266,5,1),
(1474,266,6,266,6,1),
(1475,267,1,267,1,1),
(1476,267,2,267,2,1),
(1477,267,3,267,3,1),
(1478,267,4,267,4,1),
(1479,267,5,267,5,1),
(1480,267,6,267,6,1),
(1481,268,1,268,1,1),
(1482,268,2,268,2,1),
(1483,268,3,268,3,1),
(1484,268,4,268,4,1),
(1485,268,5,268,5,1),
(1486,268,6,268,6,1),
(1487,269,1,269,1,1),
(1488,269,2,269,2,1),
(1489,269,3,269,3,1),
(1490,269,4,269,4,1),
(1491,270,1,270,1,1),
(1492,270,2,270,2,1),
(1493,270,3,270,3,1),
(1494,270,4,270,4,1),
(1495,271,1,271,1,1),
(1496,271,2,271,2,1),
(1497,271,3,271,3,1),
(1498,271,4,271,4,1),
(1499,272,1,272,1,1),
(1500,272,2,272,2,1),
(1501,272,3,272,3,1),
(1502,272,4,272,4,1),
(1503,273,1,273,1,1),
(1504,273,2,273,2,1),
(1505,273,3,273,3,1),
(1506,273,4,273,4,1),
(1507,273,5,273,5,1),
(1508,273,6,273,6,1),
(1509,274,1,274,1,1),
(1510,274,2,274,2,1),
(1511,274,3,274,3,1),
(1512,274,4,274,4,1),
(1513,274,5,274,5,1),
(1514,274,6,274,6,1),
(1515,275,1,275,1,1),
(1516,275,2,275,2,1),
(1517,275,3,275,3,1),
(1518,275,4,275,4,1),
(1519,276,1,276,1,1),
(1520,276,2,276,2,1),
(1521,276,3,276,3,1),
(1522,276,4,276,4,1),
(1523,277,1,277,1,1),
(1524,277,2,277,2,1),
(1525,277,3,277,3,1),
(1526,277,4,277,4,1),
(1527,277,5,277,5,1),
(1528,277,6,277,6,1),
(1529,278,1,278,1,1),
(1530,278,2,278,2,1),
(1531,278,3,278,3,1),
(1532,278,4,278,4,1),
(1533,278,5,278,5,1),
(1534,278,6,278,6,1),
(1535,279,1,279,1,1),
(1536,279,2,279,2,1),
(1537,279,3,279,3,1),
(1538,279,4,279,4,1),
(1539,279,5,279,5,1),
(1540,279,6,279,6,1),
(1541,280,1,280,1,1),
(1542,280,2,280,2,1),
(1543,280,3,280,3,1),
(1544,280,4,280,4,1),
(1545,280,5,280,5,1),
(1546,280,6,280,6,1),
(1547,281,1,281,1,1),
(1548,281,2,281,2,1),
(1549,281,3,281,3,1),
(1550,281,4,281,4,1),
(1551,281,5,281,5,1),
(1552,281,6,281,6,1),
(1553,282,1,282,1,1),
(1554,282,2,282,2,1),
(1555,282,3,282,3,1),
(1556,282,4,282,4,1),
(1557,282,5,282,5,1),
(1558,282,6,282,6,1),
(1559,283,1,283,1,1),
(1560,283,2,283,2,1),
(1561,283,3,283,3,1),
(1562,283,4,283,4,1),
(1563,284,1,284,1,1),
(1564,284,2,284,2,1),
(1565,284,3,284,3,1),
(1566,284,4,284,4,1),
(1567,284,5,284,5,1),
(1568,284,6,284,6,1),
(1569,285,1,285,1,1),
(1570,285,2,285,2,1),
(1571,285,3,285,3,1),
(1572,285,4,285,4,1),
(1573,285,5,285,5,1),
(1574,285,6,285,6,1),
(1575,286,1,286,1,1),
(1576,286,2,286,2,1),
(1577,286,3,286,3,1),
(1578,286,4,286,4,1),
(1579,286,5,286,5,1),
(1580,286,6,286,6,1),
(1581,287,1,287,1,1),
(1582,287,2,287,2,1),
(1583,287,3,287,3,1),
(1584,287,4,287,4,1),
(1585,287,5,287,5,1),
(1586,287,6,287,6,1),
(1587,288,1,288,1,1),
(1588,288,2,288,2,1),
(1589,288,3,288,3,1),
(1590,288,4,288,4,1),
(1591,288,5,288,5,1),
(1592,288,6,288,6,1),
(1593,289,1,289,1,1),
(1594,289,2,289,2,1),
(1595,289,3,289,3,1),
(1596,289,4,289,4,1),
(1597,289,5,289,5,1),
(1598,289,6,289,6,1),
(1599,290,1,290,1,1),
(1600,290,2,290,2,1),
(1601,290,3,290,3,1),
(1602,290,4,290,4,1),
(1603,290,5,290,5,1),
(1604,290,6,290,6,1),
(1605,291,1,291,1,1),
(1606,291,2,291,2,1),
(1607,291,3,291,3,1),
(1608,291,4,291,4,1),
(1609,291,5,291,5,1),
(1610,291,6,291,6,1),
(1611,292,1,292,1,1),
(1612,292,2,292,2,1),
(1613,292,3,292,3,1),
(1614,292,4,292,4,1),
(1615,292,5,292,5,1),
(1616,292,6,292,6,1),
(1617,293,1,293,1,1),
(1618,293,2,293,2,1),
(1619,293,3,293,3,1),
(1620,293,4,293,4,1),
(1621,293,5,293,5,1),
(1622,293,6,293,6,1),
(1623,294,1,294,1,1),
(1624,294,2,294,2,1),
(1625,294,3,294,3,1),
(1626,294,4,294,4,1),
(1627,294,5,294,5,1),
(1628,294,6,294,6,1),
(1629,295,1,295,1,1),
(1630,295,2,295,2,1),
(1631,295,3,295,3,1),
(1632,295,4,295,4,1),
(1633,295,5,295,5,1),
(1634,295,6,295,6,1),
(1635,296,1,296,1,1),
(1636,296,2,296,2,1),
(1637,296,3,296,3,1),
(1638,296,4,296,4,1),
(1639,296,5,296,5,1),
(1640,296,6,296,6,1),
(1641,297,1,297,1,1),
(1642,297,2,297,2,1),
(1643,297,3,297,3,1),
(1644,297,4,297,4,1),
(1645,298,1,298,1,1),
(1646,298,2,298,2,1),
(1647,298,3,298,3,1),
(1648,298,4,298,4,1),
(1649,299,1,299,1,1),
(1650,299,2,299,2,1),
(1651,299,3,299,3,1),
(1652,299,4,299,4,1),
(1653,299,5,299,5,1),
(1654,299,6,299,6,1),
(1655,300,1,300,1,1),
(1656,300,2,300,2,1),
(1657,300,3,300,3,1),
(1658,300,4,300,4,1),
(1659,300,5,300,5,1),
(1660,300,6,300,6,1),
(1661,301,1,301,1,1),
(1662,301,2,301,2,1),
(1663,301,3,301,3,1),
(1664,301,4,301,4,1),
(1665,301,5,301,5,1),
(1666,301,6,301,6,1),
(1667,302,1,302,1,1),
(1668,302,2,302,2,1),
(1669,302,3,302,3,1),
(1670,302,4,302,4,1),
(1671,302,5,302,5,1),
(1672,302,6,302,6,1),
(1673,303,1,303,1,1),
(1674,303,2,303,2,1),
(1675,303,3,303,3,1),
(1676,303,4,303,4,1),
(1677,303,5,303,5,1),
(1678,303,6,303,6,1),
(1679,304,1,304,1,1),
(1680,304,2,304,2,1),
(1681,304,3,304,3,1),
(1682,304,4,304,4,1),
(1683,304,5,304,5,1),
(1684,304,6,304,6,1),
(1685,305,1,305,1,1),
(1686,305,2,305,2,1),
(1687,305,3,305,3,1),
(1688,305,4,305,4,1),
(1689,306,1,306,1,1),
(1690,306,2,306,2,1),
(1691,306,3,306,3,1),
(1692,306,4,306,4,1),
(1693,307,1,307,1,1),
(1694,307,2,307,2,1),
(1695,307,3,307,3,1),
(1696,307,4,307,4,1),
(1697,307,5,307,5,1),
(1698,307,6,307,6,1),
(1699,308,1,308,1,1),
(1700,308,2,308,2,1),
(1701,308,3,308,3,1),
(1702,308,4,308,4,1),
(1703,308,5,308,5,1),
(1704,308,6,308,6,1),
(1705,309,1,309,1,1),
(1706,309,2,309,2,1),
(1707,309,3,309,3,1),
(1708,309,4,309,4,1),
(1709,309,5,309,5,1),
(1710,309,6,309,6,1),
(1711,310,1,310,1,1),
(1712,310,2,310,2,1),
(1713,310,3,310,3,1),
(1714,310,4,310,4,1),
(1715,310,5,310,5,1),
(1716,310,6,310,6,1),
(1717,311,1,311,1,1),
(1718,311,2,311,2,1),
(1719,311,3,311,3,1),
(1720,311,4,311,4,1),
(1721,311,5,311,5,1),
(1722,311,6,311,6,1),
(1723,312,1,312,1,1),
(1724,312,2,312,2,1),
(1725,312,3,312,3,1),
(1726,312,4,312,4,1),
(1727,312,5,312,5,1),
(1728,312,6,312,6,1),
(1729,313,1,313,1,1),
(1730,313,2,313,2,1),
(1731,313,3,313,3,1),
(1732,313,4,313,4,1),
(1733,313,5,313,5,1),
(1734,313,6,313,6,1),
(1735,314,1,314,1,1),
(1736,314,2,314,2,1),
(1737,314,3,314,3,1),
(1738,314,4,314,4,1),
(1739,315,1,315,1,1),
(1740,315,2,315,2,1),
(1741,315,3,315,3,1),
(1742,315,4,315,4,1),
(1743,316,1,316,1,1),
(1744,316,2,316,2,1),
(1745,316,3,316,3,1),
(1746,316,4,316,4,1),
(1747,316,5,316,5,1),
(1748,316,6,316,6,1),
(1749,317,1,317,1,1),
(1750,317,2,317,2,1),
(1751,317,3,317,3,1),
(1752,317,4,317,4,1),
(1753,317,5,317,5,1),
(1754,317,6,317,6,1),
(1755,318,1,318,1,1),
(1756,318,2,318,2,1),
(1757,318,3,318,3,1),
(1758,318,4,318,4,1),
(1759,318,5,318,5,1),
(1760,318,6,318,6,1),
(1761,319,1,319,1,1),
(1762,319,2,319,2,1),
(1763,319,3,319,3,1),
(1764,319,4,319,4,1),
(1765,319,5,319,5,1),
(1766,319,6,319,6,1),
(1767,320,1,320,1,1),
(1768,320,2,320,2,1),
(1769,320,3,320,3,1),
(1770,320,4,320,4,1),
(1771,320,5,320,5,1),
(1772,320,6,320,6,1),
(1773,321,1,321,1,1),
(1774,321,2,321,2,1),
(1775,321,3,321,3,1),
(1776,321,4,321,4,1),
(1777,321,5,321,5,1),
(1778,321,6,321,6,1),
(1779,322,1,322,1,1),
(1780,322,2,322,2,1),
(1781,322,3,322,3,1),
(1782,322,4,322,4,1),
(1783,322,5,322,5,1),
(1784,322,6,322,6,1),
(1785,323,1,323,1,1),
(1786,323,2,323,2,1),
(1787,323,3,323,3,1),
(1788,323,4,323,4,1),
(1789,324,1,324,1,1),
(1790,324,2,324,2,1),
(1791,324,3,324,3,1),
(1792,324,4,324,4,1),
(1793,325,1,325,1,1),
(1794,325,2,325,2,1),
(1795,325,3,325,3,1),
(1796,325,4,325,4,1),
(1797,326,1,326,1,1),
(1798,326,2,326,2,1),
(1799,326,3,326,3,1),
(1800,326,4,326,4,1),
(1801,327,1,327,1,1),
(1802,327,2,327,2,1),
(1803,327,3,327,3,1),
(1804,327,4,327,4,1),
(1805,328,1,328,1,1),
(1806,328,2,328,2,1),
(1807,328,3,328,3,1),
(1808,328,4,328,4,1),
(1809,329,1,329,1,1),
(1810,329,2,329,2,1),
(1811,329,3,329,3,1),
(1812,329,4,329,4,1),
(1813,330,1,330,1,1),
(1814,330,2,330,2,1),
(1815,330,3,330,3,1),
(1816,330,4,330,4,1),
(1817,331,1,331,1,1),
(1818,331,2,331,2,1),
(1819,331,3,331,3,1),
(1820,331,4,331,4,1),
(1821,331,5,331,5,1),
(1822,331,6,331,6,1),
(1823,332,1,332,1,1),
(1824,332,2,332,2,1),
(1825,332,3,332,3,1),
(1826,332,4,332,4,1),
(1827,332,5,332,5,1),
(1828,332,6,332,6,1),
(1829,333,1,333,1,1),
(1830,333,2,333,2,1),
(1831,333,3,333,3,1),
(1832,333,4,333,4,1),
(1833,333,5,333,5,1),
(1834,333,6,333,6,1),
(1835,334,1,334,1,1),
(1836,334,2,334,2,1),
(1837,334,3,334,3,1),
(1838,334,4,334,4,1),
(1839,334,5,334,5,1),
(1840,334,6,334,6,1),
(1841,335,1,335,1,1),
(1842,335,2,335,2,1),
(1843,335,3,335,3,1),
(1844,335,4,335,4,1),
(1845,335,5,335,5,1),
(1846,335,6,335,6,1),
(1847,336,1,336,1,1),
(1848,336,2,336,2,1),
(1849,336,3,336,3,1),
(1850,336,4,336,4,1),
(1851,336,5,336,5,1),
(1852,336,6,336,6,1),
(1853,337,1,337,1,1),
(1854,337,2,337,2,1),
(1855,337,3,337,3,1),
(1856,337,4,337,4,1),
(1857,337,5,337,5,1),
(1858,337,6,337,6,1),
(1859,338,1,338,1,1),
(1860,338,2,338,2,1),
(1861,338,3,338,3,1),
(1862,338,4,338,4,1),
(1863,338,5,338,5,1),
(1864,338,6,338,6,1),
(1865,339,1,339,1,1),
(1866,339,2,339,2,1),
(1867,339,3,339,3,1),
(1868,339,4,339,4,1),
(1869,339,5,339,5,1),
(1870,339,6,339,6,1),
(1871,340,1,340,1,1),
(1872,340,2,340,2,1),
(1873,340,3,340,3,1),
(1874,340,4,340,4,1),
(1875,340,5,340,5,1),
(1876,340,6,340,6,1),
(1877,341,1,341,1,1),
(1878,341,2,341,2,1),
(1879,341,3,341,3,1),
(1880,341,4,341,4,1),
(1881,341,5,341,5,1),
(1882,341,6,341,6,1),
(1883,342,1,342,1,1),
(1884,342,2,342,2,1),
(1885,342,3,342,3,1),
(1886,342,4,342,4,1),
(1887,342,5,342,5,1),
(1888,342,6,342,6,1),
(1889,343,1,343,1,1),
(1890,343,2,343,2,1),
(1891,343,3,343,3,1),
(1892,343,4,343,4,1),
(1893,343,5,343,5,1),
(1894,343,6,343,6,1),
(1895,344,1,344,1,1),
(1896,344,2,344,2,1),
(1897,344,3,344,3,1),
(1898,344,4,344,4,1),
(1899,344,5,344,5,1),
(1900,344,6,344,6,1),
(1901,345,1,345,1,1),
(1902,345,2,345,2,1),
(1903,345,3,345,3,1),
(1904,345,4,345,4,1),
(1905,346,1,346,1,1),
(1906,346,2,346,2,1),
(1907,346,3,346,3,1),
(1908,346,4,346,4,1),
(1909,347,1,347,1,1),
(1910,347,2,347,2,1),
(1911,347,3,347,3,1),
(1912,347,4,347,4,1),
(1913,348,1,348,1,1),
(1914,348,2,348,2,1),
(1915,348,3,348,3,1),
(1916,348,4,348,4,1),
(1917,349,1,349,1,1),
(1918,349,2,349,2,1),
(1919,349,3,349,3,1),
(1920,349,4,349,4,1),
(1921,350,1,350,1,1),
(1922,350,2,350,2,1),
(1923,350,3,350,3,1),
(1924,350,4,350,4,1),
(1925,350,5,350,5,1),
(1926,350,6,350,6,1),
(1927,351,1,351,1,1),
(1928,351,2,351,2,1),
(1929,351,3,351,3,1),
(1930,351,4,351,4,1),
(1931,351,5,351,5,1),
(1932,351,6,351,6,1),
(1933,352,1,352,1,1),
(1934,352,2,352,2,1),
(1935,352,3,352,3,1),
(1936,352,4,352,4,1),
(1937,352,5,352,5,1),
(1938,352,6,352,6,1),
(1939,353,1,353,1,1),
(1940,353,2,353,2,1),
(1941,353,3,353,3,1),
(1942,353,4,353,4,1),
(1943,353,5,353,5,1),
(1944,353,6,353,6,1),
(1945,354,1,354,1,1),
(1946,354,2,354,2,1),
(1947,354,3,354,3,1),
(1948,354,4,354,4,1),
(1949,354,5,354,5,1),
(1950,354,6,354,6,1),
(1951,355,1,355,1,1),
(1952,355,2,355,2,1),
(1953,355,3,355,3,1),
(1954,355,4,355,4,1),
(1955,355,5,355,5,1),
(1956,355,6,355,6,1),
(1957,356,1,356,1,1),
(1958,356,2,356,2,1),
(1959,356,3,356,3,1),
(1960,356,4,356,4,1),
(1961,356,5,356,5,1),
(1962,356,6,356,6,1),
(1963,357,1,357,1,1),
(1964,357,2,357,2,1),
(1965,357,3,357,3,1),
(1966,357,4,357,4,1),
(1967,357,5,357,5,1),
(1968,357,6,357,6,1),
(1969,358,1,358,1,1),
(1970,358,2,358,2,1),
(1971,358,3,358,3,1),
(1972,358,4,358,4,1),
(1973,358,5,358,5,1),
(1974,358,6,358,6,1),
(1975,359,1,359,1,1),
(1976,359,2,359,2,1),
(1977,359,3,359,3,1),
(1978,359,4,359,4,1),
(1979,359,5,359,5,1),
(1980,359,6,359,6,1),
(1981,360,1,360,1,1),
(1982,360,2,360,2,1),
(1983,360,3,360,3,1),
(1984,360,4,360,4,1),
(1985,360,5,360,5,1),
(1986,360,6,360,6,1),
(1987,361,1,361,1,1),
(1988,361,2,361,2,1),
(1989,361,3,361,3,1),
(1990,361,4,361,4,1),
(1991,361,5,361,5,1),
(1992,361,6,361,6,1),
(1993,362,1,362,1,1),
(1994,362,2,362,2,1),
(1995,362,3,362,3,1),
(1996,362,4,362,4,1),
(1997,362,5,362,5,1),
(1998,362,6,362,6,1),
(1999,363,1,363,1,1),
(2000,363,2,363,2,1),
(2001,363,3,363,3,1),
(2002,363,4,363,4,1),
(2003,363,5,363,5,1),
(2004,363,6,363,6,1),
(2005,364,1,364,1,1),
(2006,364,2,364,2,1),
(2007,364,3,364,3,1),
(2008,364,4,364,4,1),
(2009,364,5,364,5,1),
(2010,364,6,364,6,1),
(2011,365,1,365,1,1),
(2012,365,2,365,2,1),
(2013,365,3,365,3,1),
(2014,365,4,365,4,1),
(2015,365,5,365,5,1),
(2016,365,6,365,6,1),
(2017,366,1,366,1,1),
(2018,366,2,366,2,1),
(2019,366,3,366,3,1),
(2020,366,4,366,4,1),
(2021,366,5,366,5,1),
(2022,366,6,366,6,1),
(2023,367,1,367,1,1),
(2024,367,2,367,2,1),
(2025,367,3,367,3,1),
(2026,367,4,367,4,1),
(2027,368,1,368,1,1),
(2028,368,2,368,2,1),
(2029,368,3,368,3,1),
(2030,368,4,368,4,1),
(2031,369,1,369,1,1),
(2032,369,2,369,2,1),
(2033,369,3,369,3,1),
(2034,369,4,369,4,1),
(2035,370,1,370,1,1),
(2036,370,2,370,2,1),
(2037,370,3,370,3,1),
(2038,370,4,370,4,1),
(2039,371,1,371,1,1),
(2040,371,2,371,2,1),
(2041,371,3,371,3,1),
(2042,371,4,371,4,1),
(2043,372,1,372,1,1),
(2044,372,2,372,2,1),
(2045,372,3,372,3,1),
(2046,372,4,372,4,1),
(2047,373,1,373,1,1),
(2048,373,2,373,2,1),
(2049,373,3,373,3,1),
(2050,373,4,373,4,1),
(2051,373,5,373,5,1),
(2052,373,6,373,6,1),
(2053,374,1,374,1,1),
(2054,374,2,374,2,1),
(2055,374,3,374,3,1),
(2056,374,4,374,4,1),
(2057,374,5,374,5,1),
(2058,374,6,374,6,1),
(2059,375,1,375,1,1),
(2060,375,2,375,2,1),
(2061,375,3,375,3,1),
(2062,375,4,375,4,1),
(2063,375,5,375,5,1),
(2064,375,6,375,6,1),
(2065,376,1,376,1,1),
(2066,376,2,376,2,1),
(2067,376,3,376,3,1),
(2068,376,4,376,4,1),
(2069,377,1,377,1,1),
(2070,377,2,377,2,1),
(2071,377,3,377,3,1),
(2072,377,4,377,4,1),
(2073,377,5,377,5,1),
(2074,377,6,377,6,1),
(2075,378,1,378,1,1),
(2076,378,2,378,2,1),
(2077,378,3,378,3,1),
(2078,378,4,378,4,1),
(2079,378,5,378,5,1),
(2080,378,6,378,6,1),
(2081,379,1,379,1,1),
(2082,379,2,379,2,1),
(2083,379,3,379,3,1),
(2084,379,4,379,4,1),
(2085,380,1,380,1,1),
(2086,380,2,380,2,1),
(2087,380,3,380,3,1),
(2088,380,4,380,4,1),
(2089,381,1,381,1,1),
(2090,381,2,381,2,1),
(2091,381,3,381,3,1),
(2092,381,4,381,4,1),
(2093,382,1,382,1,1),
(2094,383,1,383,1,1),
(2095,384,1,384,1,1),
(2096,385,1,385,1,1),
(2097,386,1,386,1,1),
(2098,387,1,387,1,1),
(2099,387,2,387,2,1),
(2100,387,3,387,3,1),
(2101,387,4,387,4,1),
(2102,388,1,388,1,1),
(2103,388,2,388,2,1),
(2104,388,3,388,3,1),
(2105,388,4,388,4,1),
(2106,389,1,389,1,1),
(2107,389,2,389,2,1),
(2108,389,3,389,3,1),
(2109,389,4,389,4,1),
(2110,390,1,390,1,1),
(2111,390,2,390,2,1),
(2112,390,3,390,3,1),
(2113,390,4,390,4,1),
(2114,391,1,391,1,1),
(2115,391,2,391,2,1),
(2116,391,3,391,3,1),
(2117,391,4,391,4,1),
(2118,392,1,392,1,1),
(2119,392,2,392,2,1),
(2120,392,3,392,3,1),
(2121,392,4,392,4,1),
(2122,393,1,393,1,1),
(2123,393,2,393,2,1),
(2124,393,3,393,3,1),
(2125,393,4,393,4,1),
(2126,393,5,393,5,1),
(2127,393,6,393,6,1),
(2128,394,1,394,1,1),
(2129,394,2,394,2,1),
(2130,394,3,394,3,1),
(2131,394,4,394,4,1),
(2132,395,1,395,1,1),
(2133,395,2,395,2,1),
(2134,395,3,395,3,1),
(2135,395,4,395,4,1),
(2136,396,1,396,1,1),
(2137,396,2,396,2,1),
(2138,396,3,396,3,1),
(2139,396,4,396,4,1),
(2140,397,1,397,1,1),
(2141,397,2,397,2,1),
(2142,397,3,397,3,1),
(2143,397,4,397,4,1),
(2144,398,1,398,1,1),
(2145,398,2,398,2,1),
(2146,398,3,398,3,1),
(2147,398,4,398,4,1),
(2148,399,1,399,1,1),
(2149,399,2,399,2,1),
(2150,399,3,399,3,1),
(2151,399,4,399,4,1),
(2152,399,5,399,5,1),
(2153,399,6,399,6,1),
(2154,400,1,400,1,1),
(2155,400,2,400,2,1),
(2156,400,3,400,3,1),
(2157,400,4,400,4,1),
(2158,401,1,401,1,1),
(2159,401,2,401,2,1),
(2160,401,3,401,3,1),
(2161,401,4,401,4,1),
(2162,402,1,402,1,1),
(2163,402,2,402,2,1),
(2164,402,3,402,3,1),
(2165,402,4,402,4,1),
(2166,403,1,403,1,1),
(2167,403,2,403,2,1),
(2168,403,3,403,3,1),
(2169,403,4,403,4,1),
(2170,403,5,403,5,1),
(2171,403,6,403,6,1),
(2172,404,1,404,1,1),
(2173,404,2,404,2,1),
(2174,404,3,404,3,1),
(2175,404,4,404,4,1),
(2176,405,1,405,1,1),
(2177,406,1,406,1,1),
(2178,406,2,406,2,1),
(2179,406,3,406,3,1),
(2180,406,4,406,4,1),
(2181,406,5,406,5,1),
(2182,406,6,406,6,1),
(2183,407,1,407,1,1),
(2184,407,2,407,2,1),
(2185,407,3,407,3,1),
(2186,407,4,407,4,1),
(2187,407,5,407,5,1),
(2188,407,6,407,6,1),
(2189,408,1,408,1,1),
(2190,408,2,408,2,1),
(2191,408,3,408,3,1),
(2192,408,4,408,4,1),
(2193,409,1,409,1,1),
(2194,409,2,409,2,1),
(2195,409,3,409,3,1),
(2196,409,4,409,4,1),
(2197,409,5,409,5,1),
(2198,409,6,409,6,1),
(2199,410,1,410,1,1),
(2200,410,2,410,2,1),
(2201,410,3,410,3,1),
(2202,410,4,410,4,1),
(2203,410,5,410,5,1),
(2204,410,6,410,6,1),
(2205,411,1,411,1,1),
(2206,411,2,411,2,1),
(2207,411,3,411,3,1),
(2208,411,4,411,4,1),
(2209,411,5,411,5,1),
(2210,411,6,411,6,1),
(2211,412,1,412,1,1),
(2212,412,2,412,2,1),
(2213,412,3,412,3,1),
(2214,412,4,412,4,1),
(2215,412,5,412,5,1),
(2216,412,6,412,6,1),
(2217,413,1,413,1,1),
(2218,413,2,413,2,1),
(2219,413,3,413,3,1),
(2220,413,4,413,4,1),
(2221,413,5,413,5,1),
(2222,413,6,413,6,1),
(2223,414,1,414,1,1),
(2224,414,2,414,2,1),
(2225,414,3,414,3,1),
(2226,414,4,414,4,1),
(2227,414,5,414,5,1),
(2228,414,6,414,6,1),
(2229,415,1,415,1,1),
(2230,415,2,415,2,1),
(2231,415,3,415,3,1),
(2232,415,4,415,4,1),
(2233,415,5,415,5,1),
(2234,415,6,415,6,1),
(2235,416,1,416,1,1),
(2236,416,2,416,2,1),
(2237,416,3,416,3,1),
(2238,416,4,416,4,1),
(2239,416,5,416,5,1),
(2240,416,6,416,6,1),
(2241,417,1,417,1,1),
(2242,417,2,417,2,1),
(2243,417,3,417,3,1),
(2244,417,4,417,4,1),
(2245,417,5,417,5,1),
(2246,417,6,417,6,1),
(2247,418,1,418,1,1),
(2248,418,2,418,2,1),
(2249,418,4,418,4,1),
(2250,418,5,418,5,1),
(2251,418,6,418,6,1),
(2252,419,1,419,1,1),
(2253,419,2,419,2,1),
(2254,419,4,419,4,1),
(2255,419,5,419,5,1),
(2256,419,6,419,6,1),
(2257,420,1,420,1,1),
(2258,420,2,420,2,1),
(2259,420,4,420,4,1),
(2260,420,5,420,5,1),
(2261,420,6,420,6,1),
(2262,421,1,421,1,1),
(2263,421,2,421,2,1),
(2264,421,4,421,4,1),
(2265,421,5,421,5,1),
(2266,421,6,421,6,1),
(2267,422,1,422,1,1),
(2268,422,2,422,2,1),
(2269,422,4,422,4,1),
(2270,422,5,422,5,1),
(2271,422,6,422,6,1),
(2272,423,1,423,1,1),
(2273,423,2,423,2,1),
(2274,423,4,423,4,1),
(2275,423,5,423,5,1),
(2276,423,6,423,6,1),
(2277,424,1,424,1,1),
(2278,424,2,424,2,1),
(2279,424,4,424,4,1),
(2280,424,5,424,5,1),
(2281,424,6,424,6,1),
(2282,425,1,425,1,1),
(2283,425,2,425,2,1),
(2284,425,4,425,4,1),
(2285,425,5,425,5,1),
(2286,425,6,425,6,1),
(2287,426,1,426,1,1),
(2288,426,2,426,2,1),
(2289,426,4,426,4,1),
(2290,426,5,426,5,1),
(2291,426,6,426,6,1),
(2292,427,1,427,1,1),
(2293,427,2,427,2,1),
(2294,427,4,427,4,1),
(2295,427,5,427,5,1),
(2296,427,6,427,6,1),
(2297,428,1,428,1,1),
(2298,428,2,428,2,1),
(2299,428,4,428,4,1),
(2300,428,5,428,5,1),
(2301,428,6,428,6,1),
(2302,429,1,429,1,1),
(2303,429,2,429,2,1),
(2304,429,4,429,4,1),
(2305,429,5,429,5,1),
(2306,429,6,429,6,1),
(2307,430,1,430,1,1),
(2308,430,2,430,2,1),
(2309,430,4,430,4,1),
(2310,430,5,430,5,1),
(2311,430,6,430,6,1),
(2312,431,1,431,1,1),
(2313,431,2,431,2,1),
(2314,431,4,431,4,1),
(2315,431,5,431,5,1),
(2316,431,6,431,6,1),
(2317,432,1,432,1,1),
(2318,432,2,432,2,1),
(2319,432,4,432,4,1),
(2320,432,5,432,5,1),
(2321,432,6,432,6,1),
(2322,433,1,433,1,1),
(2323,433,2,433,2,1),
(2324,433,4,433,4,1),
(2325,433,5,433,5,1),
(2326,433,6,433,6,1),
(2327,434,1,434,1,1),
(2328,434,2,434,2,1),
(2329,434,4,434,4,1),
(2330,434,5,434,5,1),
(2331,434,6,434,6,1),
(2332,435,1,435,1,1),
(2333,435,2,435,2,1),
(2334,435,4,435,4,1),
(2335,435,5,435,5,1),
(2336,435,6,435,6,1),
(2337,436,1,436,1,1),
(2338,436,2,436,2,1),
(2339,436,4,436,4,1),
(2340,436,5,436,5,1),
(2341,436,6,436,6,1),
(2342,437,1,437,1,1),
(2343,437,2,437,2,1),
(2344,437,4,437,4,1),
(2345,437,5,437,5,1),
(2346,437,6,437,6,1),
(2347,438,1,438,1,1),
(2348,438,2,438,2,1),
(2349,438,4,438,4,1),
(2350,438,5,438,5,1),
(2351,438,6,438,6,1),
(2352,439,1,439,1,1),
(2353,439,2,439,2,1),
(2354,439,4,439,4,1),
(2355,439,5,439,5,1),
(2356,439,6,439,6,1),
(2357,440,1,440,1,1),
(2358,440,2,440,2,1),
(2359,440,4,440,4,1),
(2360,440,5,440,5,1),
(2361,440,6,440,6,1),
(2362,441,1,441,1,1),
(2363,441,2,441,2,1),
(2364,441,4,441,4,1),
(2365,441,5,441,5,1),
(2366,441,6,441,6,1),
(2367,442,1,442,1,1),
(2368,442,2,442,2,1),
(2369,442,4,442,4,1),
(2370,442,5,442,5,1),
(2371,442,6,442,6,1),
(2372,443,1,443,1,1),
(2373,443,2,443,2,1),
(2374,443,4,443,4,1),
(2375,443,5,443,5,1),
(2376,443,6,443,6,1),
(2377,444,1,444,1,1),
(2378,444,2,444,2,1),
(2379,444,4,444,4,1),
(2380,444,5,444,5,1),
(2381,444,6,444,6,1),
(2382,445,1,445,1,1),
(2383,445,2,445,2,1),
(2384,445,4,445,4,1),
(2385,446,1,446,1,1),
(2386,446,2,446,2,1),
(2387,446,4,446,4,1),
(2388,447,1,447,1,1),
(2389,447,2,447,2,1),
(2390,447,4,447,4,1),
(2391,448,1,448,1,1),
(2392,448,2,448,2,1),
(2393,448,4,448,4,1),
(2394,449,1,449,1,1),
(2395,449,2,449,2,1),
(2396,449,4,449,4,1),
(2397,450,1,450,1,1),
(2398,450,2,450,2,1),
(2399,450,4,450,4,1),
(2400,451,1,451,1,1),
(2401,451,2,451,2,1),
(2402,451,4,451,4,1),
(2403,452,1,452,1,1),
(2404,452,2,452,2,1),
(2405,452,4,452,4,1),
(2406,452,5,452,5,1),
(2407,452,6,452,6,1),
(2408,453,1,453,1,1),
(2409,453,2,453,2,1),
(2410,453,4,453,4,1),
(2411,453,5,453,5,1),
(2412,453,6,453,6,1),
(2413,454,1,454,1,1),
(2414,454,2,454,2,1),
(2415,454,4,454,4,1),
(2416,455,1,455,1,1),
(2417,455,2,455,2,1),
(2418,455,4,455,4,1),
(2419,456,1,456,1,1),
(2420,456,2,456,2,1),
(2421,456,4,456,4,1),
(2422,457,1,457,1,1),
(2423,457,2,457,2,1),
(2424,457,4,457,4,1),
(2425,458,1,458,1,1),
(2426,458,2,458,2,1),
(2427,458,4,458,4,1),
(2428,459,1,459,1,1),
(2429,459,2,459,2,1),
(2430,459,4,459,4,1),
(2431,460,1,460,1,1),
(2432,460,2,460,2,1),
(2433,461,1,461,1,1),
(2434,461,2,461,2,1),
(2435,462,1,462,1,1),
(2436,462,2,462,2,1),
(2437,462,4,462,4,1),
(2438,462,5,462,5,1),
(2439,462,6,462,6,1),
(2440,463,1,463,1,1),
(2441,463,2,463,2,1),
(2442,463,4,463,4,1),
(2443,464,1,464,1,1),
(2444,464,2,464,2,1),
(2445,464,4,464,4,1),
(2446,465,1,465,1,1),
(2447,465,2,465,2,1),
(2448,465,4,465,4,1),
(2449,465,5,465,5,1),
(2450,465,6,465,6,1),
(2451,466,1,466,1,1),
(2452,466,2,466,2,1),
(2453,466,4,466,4,1),
(2454,466,5,466,5,1),
(2455,466,6,466,6,1),
(2456,467,1,467,1,1),
(2457,467,2,467,2,1),
(2458,467,4,467,4,1),
(2459,468,1,468,1,1),
(2460,468,2,468,2,1),
(2461,468,4,468,4,1),
(2462,469,1,469,1,1),
(2463,469,2,469,2,1),
(2464,469,4,469,4,1),
(2465,470,1,470,1,1),
(2466,471,1,471,1,1),
(2467,472,1,472,1,1),
(2468,472,2,472,2,1),
(2469,472,4,472,4,1),
(2470,473,1,473,1,1),
(2471,474,1,474,1,1),
(2472,475,1,475,1,1),
(2473,475,2,475,2,1),
(2474,476,1,476,1,1),
(2475,476,2,476,2,1),
(2476,476,4,476,4,1),
(2477,477,1,477,1,1),
(2478,477,2,477,2,1),
(2479,477,4,477,4,1),
(2480,478,1,478,1,1),
(2481,478,2,478,2,1),
(2482,478,4,478,4,1),
(2483,478,5,478,5,1),
(2484,478,6,478,6,1),
(2485,479,1,479,1,1),
(2486,479,2,479,2,1),
(2487,479,4,479,4,1),
(2488,479,5,479,5,1),
(2489,479,6,479,6,1),
(2490,480,1,480,1,1),
(2491,480,2,480,2,1),
(2492,480,4,480,4,1),
(2493,480,5,480,5,1),
(2494,480,6,480,6,1),
(2495,481,1,481,1,1),
(2496,481,2,481,2,1),
(2497,481,4,481,4,1),
(2498,481,5,481,5,1),
(2499,481,6,481,6,1),
(2500,482,1,482,1,1),
(2501,482,2,482,2,1),
(2502,482,4,482,4,1),
(2503,482,5,482,5,1),
(2504,482,6,482,6,1),
(2505,483,1,483,1,1),
(2506,483,2,483,2,1),
(2507,483,4,483,4,1),
(2508,483,5,483,5,1),
(2509,483,6,483,6,1),
(2510,484,1,484,1,1),
(2511,484,2,484,2,1),
(2512,484,4,484,4,1),
(2513,484,5,484,5,1),
(2514,484,6,484,6,1),
(2515,485,1,485,1,1),
(2516,485,2,485,2,1),
(2517,485,4,485,4,1),
(2518,485,5,485,5,1),
(2519,485,6,485,6,1),
(2520,486,1,486,1,1),
(2521,486,2,486,2,1),
(2522,486,4,486,4,1),
(2523,486,5,486,5,1),
(2524,486,6,486,6,1),
(2525,487,1,487,1,1),
(2526,487,2,487,2,1),
(2527,487,4,487,4,1),
(2528,487,5,487,5,1),
(2529,487,6,487,6,1),
(2530,488,1,488,1,1),
(2531,488,2,488,2,1),
(2532,488,4,488,4,1),
(2533,488,5,488,5,1),
(2534,488,6,488,6,1),
(2535,489,1,489,1,1),
(2536,489,2,489,2,1),
(2537,489,4,489,4,1),
(2538,489,5,489,5,1),
(2539,489,6,489,6,1),
(2540,490,1,490,1,1),
(2541,490,2,490,2,1),
(2542,490,4,490,4,1),
(2543,490,5,490,5,1),
(2544,490,6,490,6,1),
(2545,491,1,491,1,1),
(2546,491,2,491,2,1),
(2547,491,4,491,4,1),
(2548,491,5,491,5,1),
(2549,491,6,491,6,1),
(2550,492,1,492,1,1),
(2551,492,2,492,2,1),
(2552,492,4,492,4,1),
(2553,492,5,492,5,1),
(2554,492,6,492,6,1),
(2555,493,1,493,1,1),
(2556,493,2,493,2,1),
(2557,493,4,493,4,1),
(2558,493,5,493,5,1),
(2559,493,6,493,6,1),
(2560,494,1,494,1,1),
(2561,494,2,494,2,1),
(2562,494,4,494,4,1),
(2563,494,5,494,5,1),
(2564,494,6,494,6,1),
(2565,495,1,495,1,1),
(2566,495,2,495,2,1),
(2567,495,4,495,4,1),
(2568,495,5,495,5,1),
(2569,495,6,495,6,1),
(2570,496,1,496,1,1),
(2571,496,2,496,2,1),
(2572,496,4,496,4,1),
(2573,496,5,496,5,1),
(2574,496,6,496,6,1),
(2575,497,1,497,1,1),
(2576,497,2,497,2,1),
(2577,497,4,497,4,1),
(2578,497,5,497,5,1),
(2579,497,6,497,6,1),
(2580,498,1,498,1,1),
(2581,498,2,498,2,1),
(2582,498,4,498,4,1),
(2583,498,5,498,5,1),
(2584,498,6,498,6,1),
(2585,499,1,499,1,1),
(2586,499,2,499,2,1),
(2587,499,4,499,4,1),
(2588,499,5,499,5,1),
(2589,499,6,499,6,1),
(2590,500,1,500,1,1),
(2591,500,2,500,2,1),
(2592,500,4,500,4,1),
(2593,500,5,500,5,1),
(2594,500,6,500,6,1),
(2595,501,1,501,1,1),
(2596,501,2,501,2,1),
(2597,501,4,501,4,1),
(2598,501,5,501,5,1),
(2599,501,6,501,6,1),
(2600,502,1,502,1,1),
(2601,502,2,502,2,1),
(2602,502,4,502,4,1),
(2603,502,5,502,5,1),
(2604,502,6,502,6,1),
(2605,503,1,503,1,1),
(2606,503,2,503,2,1),
(2607,503,4,503,4,1),
(2608,503,5,503,5,1),
(2609,503,6,503,6,1),
(2610,504,1,504,1,1),
(2611,504,2,504,2,1),
(2612,504,4,504,4,1),
(2613,504,5,504,5,1),
(2614,504,6,504,6,1),
(2615,505,1,505,1,1),
(2616,505,2,505,2,1),
(2617,505,4,505,4,1),
(2618,505,5,505,5,1),
(2619,505,6,505,6,1),
(2620,506,1,506,1,1),
(2621,506,2,506,2,1),
(2622,506,4,506,4,1),
(2623,506,5,506,5,1),
(2624,506,6,506,6,1),
(2625,507,5,507,5,1),
(2626,507,6,507,6,1),
(2627,508,5,508,5,1),
(2628,508,6,508,6,1),
(2629,509,5,509,5,1),
(2630,509,6,509,6,1),
(2631,510,5,510,5,1),
(2632,510,6,510,6,1),
(2633,511,5,511,5,1),
(2634,511,6,511,6,1),
(2635,512,5,512,5,1),
(2636,512,6,512,6,1),
(2637,513,5,513,5,1),
(2638,513,6,513,6,1),
(2639,514,5,514,5,1),
(2640,514,6,514,6,1),
(2641,515,5,515,5,1),
(2642,515,6,515,6,1),
(2643,516,5,516,5,1),
(2644,516,6,516,6,1),
(2645,517,5,517,5,1),
(2646,517,6,517,6,1),
(2647,518,5,518,5,1),
(2648,518,6,518,6,1),
(2649,519,5,519,5,1),
(2650,519,6,519,6,1);

/*Table structure for table `topping` */

DROP TABLE IF EXISTS `topping`;

CREATE TABLE `topping` (
  `topping_id` int NOT NULL AUTO_INCREMENT,
  `company_id` varchar(255) DEFAULT NULL,
  `topping_cal` int DEFAULT NULL,
  `topping_name` varchar(255) DEFAULT NULL,
  `topping_picname` varchar(255) DEFAULT NULL,
  `topping_picpath` varchar(255) DEFAULT NULL,
  `topping_price` int DEFAULT NULL,
  `FK_CompanyBean_company_id` varchar(255) DEFAULT NULL,
  `enabled` tinyint(1) DEFAULT '1',
  PRIMARY KEY (`topping_id`),
  KEY `FKmkphebrg05k3oh93nxghtqf6j` (`FK_CompanyBean_company_id`),
  CONSTRAINT `FKmkphebrg05k3oh93nxghtqf6j` FOREIGN KEY (`FK_CompanyBean_company_id`) REFERENCES `company` (`company_id`)
) ENGINE=InnoDB AUTO_INCREMENT=49 DEFAULT CHARSET=utf8;

/*Data for the table `topping` */

insert  into `topping`(`topping_id`,`company_id`,`topping_cal`,`topping_name`,`topping_picname`,`topping_picpath`,`topping_price`,`FK_CompanyBean_company_id`,`enabled`) values 
(1,'A01',129,'珍波椰','珍波椰.jpg','images/A01/珍波椰.jpg',10,'A01',1),
(2,'A01',156,'波霸','波霸.jpg','images/A01/波霸.jpg',10,'A01',1),
(3,'A01',156,'珍珠','珍珠.jpg','images/A01/珍珠.jpg',10,'A01',1),
(4,'A01',76,'椰果','椰果.jpg','images/A01/椰果.jpg',10,'A01',1),
(5,'A01',110,'布丁','布丁.jpg','images/A01/布丁.jpg',20,'A01',1),
(6,'B01',45,'愛玉','愛玉.jpg','images/B01/愛玉.jpg',10,'B01',1),
(7,'B01',128,'小芋圓','小芋圓.jpg','images/B01/小芋圓.jpg',10,'B01',1),
(8,'B01',156,'黑波霸','黑波霸.jpg','images/B01/黑波霸.jpg',10,'B01',1),
(9,'B01',57,'手工嫩仙草','手工嫩仙草.jpg','images/B01/手工嫩仙草.jpg',10,'B01',1),
(10,'B01',110,'布丁','布丁.jpg','images/B01/布丁.jpg',15,'B01',1),
(11,'C01',156,'白珍珠','白珍珠.jpg','images/C01/白珍珠.jpg',10,'C01',1),
(12,'C01',105,'加百香蒟蒻凍','加百香蒟蒻凍.jpg','images/C01/加百香蒟蒻凍.jpg',20,'C01',1),
(13,'D01',40,'綠茶凍','綠茶凍.jpg','images/D01/綠茶凍.jpg',10,'D01',1),
(14,'D01',156,'珍珠','珍珠.jpg','images/D01/珍珠.jpg',10,'D01',1),
(15,'D01',110,'布丁','布丁.jpg','images/D01/布丁.jpg',10,'D01',1),
(16,'D01',90,'紅豆','紅豆.jpg','images/D01/紅豆.jpg',10,'D01',1),
(17,'D01',57,'仙草','仙草.jpg','images/D01/仙草.jpg',10,'D01',1),
(18,'D01',128,'芋圓','芋圓.jpg','images/D01/芋圓.jpg',15,'D01',1),
(19,'E01',31,'蘆薈','蘆薈.jpg','images/E01/蘆薈.jpg',10,'E01',1),
(20,'E01',230,'冰淇淋','冰淇淋.jpg','images/E01/冰淇淋.jpg',15,'E01',1),
(21,'E01',156,'珍珠','珍珠.jpg','images/E01/珍珠.jpg',10,'E01',1),
(22,'E01',156,'粉圓','粉圓.jpg','images/E01/粉圓.jpg',10,'E01',1),
(23,'E01',76,'椰果','椰果.jpg','images/E01/椰果.jpg',10,'E01',1),
(24,'E01',116,'QQ','QQ.jpg','images/E01/QQ.jpg',10,'E01',1),
(25,'E01',110,'布丁','布丁.jpg','images/E01/布丁.jpg',10,'E01',1),
(26,'E01',57,'仙草凍','仙草凍.jpg','images/E01/仙草凍.jpg',10,'E01',1),
(27,'E01',70,'暗黑水晶','暗黑水晶.jpg','images/E01/暗黑水晶.jpg',10,'E01',1),
(28,'F01',156,'珍珠','珍珠.jpg','images/F01/珍珠.jpg',10,'F01',1),
(29,'F01',110,'布丁','布丁.jpg','images/F01/布丁.jpg',10,'F01',1),
(30,'F01',57,'仙草','仙草.jpg','images/F01/仙草.jpg',10,'F01',1),
(31,'F01',76,'椰果','椰果.jpg','images/F01/椰果.jpg',10,'F01',1),
(32,'F01',105,'蜜香凍','蜜香凍.jpg','images/F01/蜜香凍.jpg',10,'F01',1),
(33,'F01',132,'西谷米','西谷米.jpg','images/F01/西谷米.jpg',10,'F01',1),
(34,'G01',156,'珍珠','珍珠.jpg','images/G01/珍珠.jpg',5,'G01',1),
(35,'G01',30,'小紫蘇','小紫蘇.jpg','images/G01/小紫蘇.jpg',5,'G01',1),
(36,'G01',142,'新雙Q','新雙Q.jpg','images/G01/新雙Q.jpg',10,'G01',1),
(37,'G01',128,'小芋圓','小芋圓.jpg','images/G01/小芋圓.jpg',10,'G01',1),
(38,'G01',108,'搖果樂','搖果樂.jpg','images/G01/搖果樂.jpg',10,'G01',1),
(39,'G01',42,'寒天晶球','寒天晶球.jpg','images/G01/寒天晶球.jpg',10,'G01',1),
(40,'G01',76,'椰果','椰果.jpg','images/G01/椰果.jpg',10,'G01',1),
(41,'G01',131,'粉條','粉條.jpg','images/G01/粉條.jpg',10,'G01',1),
(42,'G01',45,'愛玉','愛玉.jpg','images/G01/愛玉.jpg',10,'G01',1),
(43,'G01',31,'蘆薈','蘆薈.jpg','images/G01/蘆薈.jpg',10,'G01',1),
(44,'G01',95,'荔枝凍','荔枝凍.jpg','images/G01/荔枝凍.jpg',10,'G01',1),
(45,'G01',120,'紫米','紫米.jpg','images/G01/紫米.jpg',10,'G01',1),
(46,'G01',90,'紅豆','紅豆.jpg','images/G01/紅豆.jpg',10,'G01',1),
(47,'G01',57,'仙草凍','仙草凍.jpg','images/G01/仙草凍.jpg',15,'G01',1),
(48,'G01',110,'布丁','布丁.jpg','images/G01/布丁.jpg',15,'G01',1);

/* Procedure structure for procedure `getOrderNo` */

/*!50003 DROP PROCEDURE IF EXISTS  `getOrderNo` */;

DELIMITER $$

/*!50003 CREATE DEFINER=`root`@`localhost` PROCEDURE `getOrderNo`(IN newPrefix VARCHAR(3), OUT newOrderNo VARCHAR(14))
BEGIN
	  DECLARE lastDate VARCHAR(8);
	  DECLARE currentDate VARCHAR(8);
	  DECLARE lastNo INT DEFAULT 0;
	  DECLARE lastSameCompanyPrefix VARCHAR(3);
	  DECLARE newSameCompanyOrderNo VARCHAR(14);
	  SELECT DATE_FORMAT(NOW(),'%Y%m%d') INTO currentDate;
	  
	  SELECT IFNULL(order_id, '') FROM orders WHERE company_id = newPrefix ORDER BY order_id DESC LIMIT 1 INTO newSameCompanyOrderNo;	  
	  SELECT DATE_FORMAT(SUBSTRING(newSameCompanyOrderNo, 4, 8), '%Y%m%d') INTO lastDate;
	  SELECT SUBSTRING(newSameCompanyOrderNo, 1, 3) INTO lastSameCompanyPrefix;
	  IF newSameCompanyOrderNo != '' AND currentDate = lastDate THEN
	    SET lastNo = CONVERT(SUBSTRING(newSameCompanyOrderNo,-3),SIGNED);
	    SELECT CONCAT(newPrefix, currentDate, LPAD((lastNo + 1),3,'0')) INTO newOrderNo;
	  ELSEIF newSameCompanyOrderNo != '' AND currentDate > lastDate THEN
	    SELECT CONCAT(newPrefix, currentDate, LPAD((1),3,'0')) INTO newOrderNo;
	  ELSE 
	    SELECT CONCAT(newPrefix, currentDate, LPAD((lastNo + 1),3,'0')) INTO newOrderNo;
	  END IF;  
	  
	END */$$
DELIMITER ;

/*!40101 SET SQL_MODE=@OLD_SQL_MODE */;
/*!40014 SET FOREIGN_KEY_CHECKS=@OLD_FOREIGN_KEY_CHECKS */;
/*!40014 SET UNIQUE_CHECKS=@OLD_UNIQUE_CHECKS */;
/*!40111 SET SQL_NOTES=@OLD_SQL_NOTES */;
